customer_id,customer_name,email,registration_date,customer_type
C00001,Brian Yang,johnsonjoshua@example.org,2025-02-08,REGULAR
C00002,Lance Hoffman,fjohnson@example.org,2025-08-09,REGULAR
C00003,Abigail Shaffer,lrobinson@example.com,2025-07-21,REGULAR
C00004,Brent Abbott,joshua35@example.org,2025-04-11,REGULAR
C00005,Edward Fuller,blairamanda@example.com,2026-02-05,REGULAR
C00006,Dylan Miller,barbara10@example.net,2024-03-12,REGULAR
C00007,Henry Santiago,jamesshawn@example.com,2025-07-25,REGULAR
C00008,Joel Nelson,lynchgeorge@example.net,2026-03-20,REGULAR
C00009,Andrew Stewart,gabriellecameron@example.org,2024-04-18,REGULAR
C00010,Matthew Foster,robinbradley@example.net,2026-03-08,REGULAR
C00011,Kimberly Burgess,ithomas@example.org,2024-10-06,REGULAR
C00012,Peter Callahan Jr.,icox@example.net,2023-12-25,REGULAR
C00013,Julie King,ycarlson@example.com,2025-02-16,REGULAR
C00014,Patricia Peterson,frazierdanny@example.net,2024-05-15,REGULAR
C00015,Jonathan White,shawnmckay@example.net,2026-03-06,REGULAR
C00016,Phillip Ryan,meagan89@example.org,2025-10-15,PREMIUM
C00017,Sherry Decker,georgetracy@example.org,2024-05-30,VIP
C00018,John Jones,allenashley@example.org,2025-09-25,REGULAR
C00019,Joseph Obrien,davidalvarez@example.net,2026-05-01,REGULAR
C00020,Jessica Holmes,jenniferross@example.net,2023-11-13,REGULAR
C00021,Daniel Jones,calebsmith@example.net,2025-05-10,REGULAR
C00022,David Caldwell,carlosjohnson@example.com,2024-02-21,REGULAR
C00023,Richard Aguirre,jenniferkhan@example.net,2024-01-26,REGULAR
C00024,Nicholas Nunez,hopkinsmichael@example.com,2026-05-22,REGULAR
C00025,Connor West,brownjessica@example.org,2024-09-29,REGULAR
C00026,Matthew Fernandez,steven17@example.net,2023-07-23,REGULAR
C00027,John Hancock,housemelinda@example.org,2026-02-24,VIP
C00028,Rachel Mitchell,nicholasgalloway@example.com,2025-07-19,REGULAR
C00029,Lauren Daniels,smoore@example.org,2025-09-12,PREMIUM
C00030,Tyler Miller,williamsthomas@example.net,2024-01-22,REGULAR
C00031,Laura Riley,leonardjoe@example.org,2023-08-19,REGULAR
C00032,Dean Santiago,barnesbrandy@example.net,2024-06-06,REGULAR
C00033,Taylor Smith,randy47@example.com,2025-04-30,PREMIUM
C00034,Gregory Jones,jonesjason@example.com,2024-03-24,REGULAR
C00035,Dr. Kendra Contreras,eric84@example.net,2025-02-18,REGULAR
C00036,Natalie Moore,mcmillandennis@example.org,2024-05-03,VIP
C00037,Kathy King,jenniferharris@example.net,2026-03-02,REGULAR
C00038,Gavin Anderson,davisrodney@example.com,2026-05-17,REGULAR
C00039,Ashley Landry,joycearnold@example.com,2025-07-13,REGULAR
C00040,Jessica Williams,amydavenport@example.net,2024-07-30,REGULAR
C00041,Heather Castro,nolanjason@example.org,2026-01-25,REGULAR
C00042,Rita Keith,sarayoung@example.org,2023-08-03,PREMIUM
C00043,Michael Reyes,kimberly63@example.com,2023-08-18,REGULAR
C00044,Robert Perez,dwalker@example.com,2023-08-02,REGULAR
C00045,Diana May,raymondramirez@example.org,2024-09-06,REGULAR
C00046,Victoria Johnson,sheila14@example.org,2025-04-03,REGULAR
C00047,Mrs. Stephanie Lee,jessica56@example.net,2023-08-24,REGULAR
C00048,Teresa Mclaughlin,zsmith@example.net,2024-02-03,REGULAR
C00049,Mary Martinez,qjones@example.com,2026-02-21,REGULAR
C00050,Cameron Fisher,elizabeth56@example.net,2026-04-05,PREMIUM
C00051,Elizabeth Clark,christinaturnerexample.net,2025-10-22,PREMIUM
C00052,Steven Flynn,steven73@example.net,2024-01-04,REGULAR
C00053,Robert Potter,campbellelizabeth@example.net,2025-06-24,REGULAR
C00054,John Atkinson,lindsayhernandez@example.org,2023-09-23,REGULAR
C00055,Janet Ross,kmercado@example.org,2023-12-12,VIP
C00056,Colleen Brock,staffordmichelle@example.org,2025-07-18,REGULAR
C00057,Robert Contreras,pwilliams@example.org,2026-05-26,REGULAR
C00058,Jessica Meadows,stephanie79@example.net,2024-10-25,PREMIUM
C00059,Sara Ramirez,juliawells@example.com,2025-10-14,REGULAR
C00060,Dustin Nelson,rsims@example.com,2024-06-12,REGULAR
C00061,Daniel Perry,taylorjesse@example.net,2024-06-24,REGULAR
C00062,Randy Shah,nperry@example.com,2023-07-28,REGULAR
C00063,Sarah Ashley,wwoodsexample.com,2024-09-26,REGULAR
C00064,George Shelton,tracynelsonexample.com,2024-09-11,VIP
C00065,Susan Vargas,marycalhoun@example.net,2025-06-13,PREMIUM
C00066,David Murphy,dayderek@example.com,2024-11-03,REGULAR
C00067,Bradley Smith,kathleen64@example.com,2025-02-02,VIP
C00068,Christina Smith,jeffrey10@example.org,2023-12-17,REGULAR
C00069,David Wood,thomaswilson@example.org,2025-04-13,PREMIUM
C00070,Alexander Collins,stricklandfrank@example.com,2025-06-29,REGULAR
C00071,Michael Burton,tsanders@example.org,2023-10-24,REGULAR
C00072,Hannah Patterson,melissa91@example.net,2024-08-06,PREMIUM
C00073,Jack Snow,alexander67@example.org,2024-11-09,REGULAR
C00074,Robert Medina,ryangross@example.net,2024-12-04,PREMIUM
C00075,David Michael,lpetersen@example.com,2024-04-30,REGULAR
C00076,Jamie Johnson,dsanchez@example.net,2025-12-31,REGULAR
C00077,Spencer Haynes,tonykelly@example.com,2024-04-27,REGULAR
C00078,Katherine Chang,blackjames@example.org,2025-07-13,REGULAR
C00079,Jared Sanchez,bwest@example.org,2025-06-14,REGULAR
C00080,Krista Bell MD,thomas85@example.com,2024-05-29,REGULAR
C00081,Tiffany Vaughn,davidlee@example.org,2024-01-28,REGULAR
C00082,Veronica Wall,lhill@example.net,2024-05-18,VIP
C00083,William Tran,harry08@example.org,2025-07-20,REGULAR
C00084,Laura Harrison,danamullins@example.org,2024-10-19,REGULAR
C00085,Austin Vasquez,tammyking@example.com,2025-03-14,REGULAR
C00086,David Grant,hernandezlisa@example.com,2024-09-23,REGULAR
C00087,Kevin Patterson,kimberlyjames@example.com,2025-03-05,PREMIUM
C00088,Deborah Miller,lynchjody@example.org,2024-03-19,REGULAR
C00089,Doris Hall,moorericky@example.net,2025-07-30,REGULAR
C00090,Lori Guerrero,ojones@example.com,2026-03-29,REGULAR
C00091,Derek Thomas,owilson@example.net,2023-09-09,REGULAR
C00092,Michael Lyons,brooke94@example.com,2026-04-07,REGULAR
C00093,Morgan Munoz,mkim@example.org,2023-08-04,REGULAR
C00094,Alicia Hubbard,suzannehuff@example.net,2025-11-29,REGULAR
C00095,Sydney White,hinesgregory@example.net,2025-03-22,REGULAR
C00096,Frank Garcia,ecosta@example.com,2023-12-26,REGULAR
C00097,Robin Pierce,ssteele@example.net,2024-11-03,VIP
C00098,April Booth,johnny16@example.net,2024-11-11,PREMIUM
C00099,Olivia Harris,lopezmichael@example.com,2025-02-12,REGULAR
C00100,Lisa Allen,samuel71@example.org,2023-12-23,PREMIUM
C00101,Bruce Collier,tranchristopher@example.org,2024-12-20,VIP
C00102,Mrs. Kristen Reyes,william46@example.com,2026-03-16,REGULAR
C00103,Richard Adams,michellehill@example.com,2023-07-10,REGULAR
C00104,John Cook,mary97@example.org,2025-09-28,REGULAR
C00105,Mrs. Janet Chase,ugibson@example.org,2024-09-17,VIP
C00106,Marissa Hernandez,julie66@example.net,2026-05-01,PREMIUM
C00107,Jessica Fox,waynelawrence@example.org,2024-11-06,REGULAR
C00108,Richard Baker,robertpena@example.org,2025-05-02,VIP
C00109,Jamie Stewart,vsantos@example.net,2025-08-12,PREMIUM
C00110,Mark Mccall,cbrennan@example.net,2026-06-05,REGULAR
C00111,Ashlee Jackson,hamiltoncorey@example.net,2024-05-22,REGULAR
C00112,Jeffrey Sanchez,williamslaura@example.com,2024-09-19,PREMIUM
C00113,Cynthia Durham,georgemiller@example.com,2023-12-07,REGULAR
C00114,Stephanie Marshall,dlittle@example.com,2024-05-09,PREMIUM
C00115,Victor Vaughn,charleslandry@example.net,2024-11-05,VIP
C00116,Kenneth Andrews,james67@example.org,2026-05-31,REGULAR
C00117,Melissa Garner,andrew64@example.org,2023-08-29,REGULAR
C00118,Heather Fields,swall@example.org,2025-04-29,REGULAR
C00119,Richard Johnson,courtneyberger@example.net,2024-07-30,REGULAR
C00120,Curtis Buchanan,christopherphillips@example.net,2026-01-27,REGULAR
C00121,Terry Coffey,alyssa42@example.com,2024-05-17,REGULAR
C00122,Courtney Rhodes,linda71@example.org,2025-06-25,VIP
C00123,Richard Smith,zcoffey@example.net,2025-01-29,PREMIUM
C00124,James Little,vrichardson@example.net,2024-08-06,REGULAR
C00125,Leonard Holland,thomasharvey@example.net,2025-05-15,REGULAR
C00126,Charles Shah,tblankenship@example.net,2024-05-27,PREMIUM
C00127,Jesse Santiago,pwilson@example.net,2025-09-07,REGULAR
C00128,Mary Bass,umatthews@example.org,2025-04-24,VIP
C00129,David Cox,antonio53@example.com,2026-05-18,REGULAR
C00130,Walter Rush,amy50@example.com,2025-12-02,VIP
C00131,Amber Cook,batesdarlene@example.net,2026-05-27,PREMIUM
C00132,Robin Hall,caseyhubbard@example.org,2025-10-10,REGULAR
C00133,Rebecca Rodriguez,ramireztracey@example.org,2026-01-16,PREMIUM
C00134,Alexis Baker,alexistyler@example.org,2023-11-20,VIP
C00135,Richard Palmer,vfox@example.org,2023-11-01,REGULAR
C00136,Judith Maynard,soniawilliams@example.net,2023-09-10,REGULAR
C00137,Micheal Wallace,bboone@example.net,2026-02-20,VIP
C00138,Lauren Joseph,charlene12@example.com,2024-08-17,REGULAR
C00139,Ashley Pena,shawn96@example.org,2026-01-28,REGULAR
C00140,Jesse Perry,russellbeasley@example.com,2023-10-17,REGULAR
C00141,Melissa Wells,qedwards@example.com,2023-10-13,REGULAR
C00142,Carlos Brown,daviscolin@example.net,2026-04-22,REGULAR
C00143,Jenny Moon,elizabeth65@example.net,2023-08-31,VIP
C00144,Brittney Olson,caroline51@example.net,2025-12-27,REGULAR
C00145,Renee Bruce,megan51@example.com,2026-05-11,REGULAR
C00146,Christopher Park,lynchdianeexample.net,2024-06-01,PREMIUM
C00147,Andrea Figueroa,michael22@example.net,2026-05-08,REGULAR
C00148,Christopher Collins,reesejason@example.com,2024-06-17,REGULAR
C00149,Brad Ramos,wareeric@example.net,2024-10-01,REGULAR
C00150,Jeffrey Campbell,nperry@example.net,2025-06-30,PREMIUM
C00151,William Brown,trose@example.org,2024-02-10,REGULAR
C00152,Adam Burgess,katrinaduran@example.com,2024-01-11,REGULAR
C00153,Mary Gomez,opatel@example.net,2024-09-03,REGULAR
C00154,Laura Berry,grahamsteve@example.org,2025-08-02,PREMIUM
C00155,Carolyn Meza,zroberts@example.org,2024-11-09,PREMIUM
C00156,Kelly Foster,christopher13@example.com,2024-06-02,REGULAR
C00157,Kerry Lee,jeffrey21@example.net,2025-10-12,REGULAR
C00158,Craig Morrison,jessica23@example.org,2025-09-25,PREMIUM
C00159,Justin Riley,thompsonkendra@example.com,2025-07-03,REGULAR
C00160,Jeremy Turner,michelle52@example.com,2024-04-25,VIP
C00161,Anthony Decker,bellcharles@example.com,2023-09-27,VIP
C00162,Tiffany Stevenson,gilbertwilliam@example.com,2023-08-20,PREMIUM
C00163,Joanna Shepherd,marcalvarez@example.org,2025-12-16,PREMIUM
C00164,Wendy Warren,wagnergerald@example.org,2025-04-18,VIP
C00165,Meghan Williams,nathan46@example.com,2025-05-10,PREMIUM
C00166,David York,cameron18@example.net,2026-05-01,REGULAR
C00167,Emily Douglas,mathewaguilar@example.org,2025-06-12,REGULAR
C00168,Maria Murphy,brookehurley@example.com,2023-11-21,PREMIUM
C00169,Eric Bean,lucasrodney@example.com,2024-07-06,PREMIUM
C00170,Ryan Garcia,ilee@example.org,2025-10-06,REGULAR
C00171,James Martin,stanleynancy@example.net,2025-12-10,REGULAR
C00172,Cynthia Wallace,jenniferwilliams@example.com,2024-05-06,REGULAR
C00173,Rachel Mckee,pyoung@example.com,2024-01-30,PREMIUM
C00174,Jennifer Martin,smurray@example.com,2024-02-05,REGULAR
C00175,Kristen Garcia,moniquewilliams@example.com,2025-12-25,REGULAR
C00176,Jose Guerra,mitchellkathryn@example.com,2023-10-13,REGULAR
C00177,James Brooks,lisawilkerson@example.org,2024-08-22,REGULAR
C00178,Marie Moody,brooksanthony@example.org,2023-12-01,REGULAR
C00179,Luis Bullock,samantha72@example.net,2023-07-28,REGULAR
C00180,Jenny Parsons,marydunn@example.net,2024-03-17,REGULAR
C00181,Brian Stein,williamsrobert@example.net,2025-04-04,REGULAR
C00182,Jeffrey Mendez,chenbailey@example.net,2024-03-20,REGULAR
C00183,Heather Ashley,qlopez@example.org,2025-02-06,REGULAR
C00184,James Burgess,myerstheodore@example.net,2024-07-22,PREMIUM
C00185,Kevin Sherman,cooperjessicaexample.net,2023-11-27,VIP
C00186,Clarence Taylor,amy27@example.net,2025-08-09,PREMIUM
C00187,Stacey Stewart,mjohnson@example.org,2024-06-02,REGULAR
C00188,Paul Lee,ihays@example.com,2024-07-22,REGULAR
C00189,Jessica Ross,glennmartin@example.org,2024-10-18,REGULAR
C00190,Holly Salinas,lmorgan@example.com,2024-04-17,PREMIUM
C00191,Catherine Carter MD,acostachristian@example.net,2024-06-21,REGULAR
C00192,Heather Williams,kirk96@example.org,2026-01-20,REGULAR
C00193,Theresa Jones,christina64@example.net,2025-05-17,REGULAR
C00194,Megan Kim,william20@example.org,2023-11-19,REGULAR
C00195,Amanda Hernandez,kimberlydiaz@example.com,2024-10-29,REGULAR
C00196,Jennifer Banks,nathan19@example.org,2024-03-30,REGULAR
C00197,Justin Green,johnsonjacob@example.net,2024-04-10,REGULAR
C00198,Yvonne Gonzalez,nlewisexample.com,2023-11-29,REGULAR
C00199,Rita Ponce DVM,hayesrachel@example.com,2025-06-18,REGULAR
C00200,Michelle Ho,piercekelly@example.com,2025-05-17,REGULAR
C00201,Johnny Ward,william13@example.org,2025-03-09,REGULAR
C00202,Angelica Parker,jlara@example.org,2026-06-07,VIP
C00203,Angela Compton,xfox@example.com,2025-05-22,REGULAR
C00204,Ronald Arnold,howens@example.com,2025-03-25,REGULAR
C00205,Kelly Torres,ryanbartlett@example.org,2023-12-27,REGULAR
C00206,Danielle Reid,michaeleverett@example.com,2025-02-14,PREMIUM
C00207,Caroline David,colleenmendez@example.org,2023-12-19,REGULAR
C00208,Travis Wise,megan90@example.org,2024-04-15,REGULAR
C00209,Stephen Gardner,katiebutler@example.net,2025-05-22,REGULAR
C00210,Anthony Gonzales,timothy64@example.com,2024-12-05,REGULAR
C00211,William Reed,matthewthomas@example.net,2024-09-05,REGULAR
C00212,Derek Wright,zachary15@example.org,2023-10-19,REGULAR
C00213,Stephanie Li,sonia96@example.org,2026-03-29,REGULAR
C00214,Shawn Jimenez,james27@example.net,2023-10-11,REGULAR
C00215,Amber Campbell,pwagner@example.org,2025-04-04,PREMIUM
C00216,Stephen Luna,amitchell@example.org,2025-09-29,REGULAR
C00217,Juan Jones,brandon09@example.net,2024-12-26,VIP
C00218,Brent Brooks,marcia99@example.org,2026-05-24,REGULAR
C00219,Andrew Williams,kari39@example.net,2025-08-06,PREMIUM
C00220,Brenda Velazquez,jstone@example.net,2024-06-11,PREMIUM
C00221,Katie Hicks,vewing@example.com,2024-12-11,VIP
C00222,Veronica Silva,thomas05@example.com,2025-11-03,VIP
C00223,Paula Lane,carlsonjoseph@example.net,2025-08-15,REGULAR
C00224,Sarah Hernandez,ojackson@example.net,2025-07-02,REGULAR
C00225,Erik Hernandez,armstrongjackie@example.org,2025-07-13,REGULAR
C00226,Nancy Brown,nshaw@example.com,2023-12-02,PREMIUM
C00227,Emily Thompson,annbolton@example.com,2026-03-06,REGULAR
C00228,David Grant,amy49@example.com,2024-03-03,REGULAR
C00229,Justin Michael,kellie37@example.com,2025-08-15,REGULAR
C00230,Tina Ballard,david86@example.com,2024-05-12,REGULAR
C00231,Nicole Lewis,stephanie15@example.com,2025-12-06,REGULAR
C00232,Laurie Sanchez,sarah42@example.org,2025-06-21,REGULAR
C00233,John Maldonado,danawilliams@example.com,2023-12-01,REGULAR
C00234,Curtis Maynard,richarddonovan@example.com,2024-06-14,REGULAR
C00235,Parker Jefferson,velezchristopher@example.net,2023-08-16,REGULAR
C00236,Jennifer Simpson DVM,robertmonroe@example.org,2026-04-28,REGULAR
C00237,Tanya Rogers,nancy04@example.net,2024-11-03,REGULAR
C00238,Corey Rodriguez,ismall@example.net,2023-12-28,VIP
C00239,George Phillips,twong@example.org,2025-06-25,REGULAR
C00240,Kaylee Miller,gregorychase@example.com,2025-06-20,PREMIUM
C00241,James Griffin,tinawoods@example.org,2024-04-17,REGULAR
C00242,Melissa Brown,kevin90@example.com,2023-11-11,PREMIUM
C00243,Thomas Phillips,erik84@example.net,2025-04-23,VIP
C00244,Lisa Perry,susanmendoza@example.com,2025-02-12,PREMIUM
C00245,Pamela Becker,ztodd@example.net,2025-04-03,REGULAR
C00246,Justin Brown,foxallison@example.com,2025-02-10,REGULAR
C00247,Jessica Frazier,ashleyhernandez@example.com,2025-08-10,REGULAR
C00248,Jody Palmer,gdavis@example.com,2024-11-05,REGULAR
C00249,Jennifer Velasquez,hansenemily@example.com,2025-09-10,REGULAR
C00250,Amy Shannon,williamsmelvin@example.org,2026-05-24,REGULAR
C00251,Pamela Good,ajohnson@example.org,2025-05-26,REGULAR
C00252,Susan Bennett,ybrooks@example.com,2025-07-04,REGULAR
C00253,Jenna Anderson DVM,desireebailey@example.org,2025-12-13,REGULAR
C00254,Kim Morrow,goodsteven@example.net,2024-03-27,REGULAR
C00255,Jennifer Miranda,eric31@example.org,2026-02-04,REGULAR
C00256,Kyle Warner,allencarlos@example.net,2023-08-28,REGULAR
C00257,Patty Taylor,moralesjimmy@example.org,2026-06-01,REGULAR
C00258,Patricia Cardenas,lisadennis@example.com,2024-03-16,PREMIUM
C00259,Antonio Fry,valerieboyd@example.com,2026-01-30,REGULAR
C00260,Gregory Schneider,conniesimmonsexample.com,2024-08-17,REGULAR
C00261,Paul Wells,heather62@example.com,2025-12-29,REGULAR
C00262,Tracy Grant,meredith27@example.org,2023-11-27,PREMIUM
C00263,Sarah Davis,jonathanrivera@example.org,2025-08-18,PREMIUM
C00264,Shelly Lopez,brettbennett@example.net,2025-09-26,REGULAR
C00265,Terry Lewis,timothybooth@example.com,2024-01-26,REGULAR
C00266,Michele Sanders,burgesskaren@example.org,2024-03-19,REGULAR
C00267,Elizabeth Ward,kimberly67@example.net,2026-02-03,REGULAR
C00268,Erica Harris,ugarcia@example.com,2024-06-05,PREMIUM
C00269,Juan Silva,hartjeffrey@example.org,2025-08-13,REGULAR
C00270,Danielle Pierce,elijah53@example.com,2026-04-08,REGULAR
C00271,Robert Jackson,jonathan77@example.com,2025-08-13,VIP
C00272,Kelly Combs,iwhite@example.net,2023-09-25,REGULAR
C00273,Michael Smith,duranrobert@example.net,2024-12-28,REGULAR
C00274,Aaron Arnold Jr.,bruce97@example.net,2025-01-22,REGULAR
C00275,Megan Drake,amanda40@example.net,2026-03-03,REGULAR
C00276,Joseph Ochoa,hullalice@example.org,2024-04-17,REGULAR
C00277,Wanda Perez,zmiller@example.com,2025-07-06,PREMIUM
C00278,James Tran,valdezmichele@example.org,2023-09-05,REGULAR
C00279,Erin Madden,warnerchristopher@example.com,2026-05-11,VIP
C00280,Karen Williams,hallrachel@example.net,2023-09-25,REGULAR
C00281,Emily Ali,rachel90@example.org,2025-03-24,REGULAR
C00282,Lacey Atkinson,thickman@example.org,2025-06-28,REGULAR
C00283,Haley Davis,patrick21@example.net,2024-03-11,PREMIUM
C00284,Raymond Johnson,petersonkayla@example.net,2024-04-24,VIP
C00285,Jessica Frazier,whenry@example.net,2025-06-11,PREMIUM
C00286,Angela Moore,bartonkenneth@example.org,2025-08-04,REGULAR
C00287,Tommy Wallace,jodistewart@example.org,2025-09-26,VIP
C00288,Kayla Garcia,andersonjacob@example.com,2023-10-11,PREMIUM
C00289,Jason Maxwell,carlsonkristen@example.com,2025-08-18,REGULAR
C00290,Derrick Adams,ashleyjackson@example.com,2023-12-10,PREMIUM
C00291,Heather Raymond,ryanfisher@example.com,2025-08-14,PREMIUM
C00292,Eric Rush,mwheeler@example.com,2024-06-26,REGULAR
C00293,Robert Villarreal,vbrock@example.com,2026-05-11,REGULAR
C00294,Ernest Oconnell,kevinmorrison@example.net,2026-05-05,REGULAR
C00295,Douglas Hartman,jessica79@example.org,2024-07-31,REGULAR
C00296,Alyssa Acosta,brittanygardner@example.net,2026-04-08,REGULAR
C00297,Ryan Pope,samuelcarter@example.net,2025-06-24,PREMIUM
C00298,Jay Bennett,cynthiaallen@example.net,2024-10-28,PREMIUM
C00299,Sheila Barnes,iaguilar@example.net,2023-08-16,REGULAR
C00300,Ashley Wright,jacqueline89example.net,2025-06-15,VIP
C00301,Jennifer Goodwin,deborahwilliams@example.net,2026-05-02,PREMIUM
C00302,Paul Grant,grodriguez@example.com,2025-07-10,PREMIUM
C00303,Kathryn Cooper,seanmyers@example.net,2023-08-03,REGULAR
C00304,Todd Thomas,phillipssamantha@example.org,2024-06-04,PREMIUM
C00305,Brent Bowen,hmueller@example.com,2024-11-01,REGULAR
C00306,Greg Rodriguez,evanslisa@example.org,2025-11-06,REGULAR
C00307,Tina Hall,zacharyarnold@example.com,2024-09-11,REGULAR
C00308,Lucas Gonzalez,jacobsandoval@example.com,2025-03-30,REGULAR
C00309,Michael Flynn,nsmith@example.org,2025-03-14,REGULAR
C00310,Scott Rose,michaelgonzalez@example.org,2025-05-19,REGULAR
C00311,Ryan Williamson,lcarr@example.org,2025-11-21,REGULAR
C00312,Bruce Torres,samantha91@example.net,2024-01-19,REGULAR
C00313,Jenny Tucker,williambarnes@example.org,2025-01-30,PREMIUM
C00314,Ryan Harvey,angelaburns@example.org,2026-01-15,REGULAR
C00315,Kathy Simpson,washingtonjames@example.com,2025-07-06,PREMIUM
C00316,Keith Flynn,cmckinney@example.com,2024-02-28,REGULAR
C00317,Krystal Barton,hillamanda@example.org,2024-12-17,REGULAR
C00318,Holly Carson,armstrongjoseph@example.net,2023-08-21,REGULAR
C00319,Martha Wright,bpayne@example.org,2026-01-25,REGULAR
C00320,Xavier Rowe,colemichael@example.org,2024-03-16,REGULAR
C00321,Rachel Li,michelle96@example.org,2025-11-12,REGULAR
C00322,Michael Roberts,amanda98@example.org,2024-04-17,REGULAR
C00323,Wendy Camacho,taylorkaren@example.com,2023-11-20,REGULAR
C00324,Megan Burns,johndawson@example.org,2025-03-14,REGULAR
C00325,Sheryl Davis,courtney67@example.org,2025-01-07,REGULAR
C00326,Aaron Schroeder,heather57@example.com,2025-08-27,REGULAR
C00327,Rebecca Sanders,sreid@example.com,2026-05-05,REGULAR
C00328,Kenneth Knight,troymorris@example.com,2024-12-06,REGULAR
C00329,Sara Smith,patricia00@example.org,2026-03-24,REGULAR
C00330,Michael Anderson,scottsmith@example.com,2025-05-30,REGULAR
C00331,Danielle Watson,nancymcdowell@example.org,2026-02-25,REGULAR
C00332,Cynthia Rios,brettgarrett@example.net,2025-07-27,REGULAR
C00333,Michael Smith,lewischristian@example.net,2025-07-18,REGULAR
C00334,Darryl Davis,mcneilrobert@example.org,2025-11-13,REGULAR
C00335,Robert Baxter,edwardsnicole@example.org,2025-05-21,REGULAR
C00336,Jessica Bowen,caseyelliott@example.net,2025-05-07,PREMIUM
C00337,Angelica Garcia,samanthajensen@example.com,2025-09-17,REGULAR
C00338,Danielle Newman,bbell@example.com,2024-03-28,REGULAR
C00339,Katrina Adkins,kimberly04@example.org,2024-05-18,VIP
C00340,Brian Porter MD,bowerslaura@example.org,2025-01-21,REGULAR
C00341,Ryan Fisher,hatfieldsarah@example.org,2025-02-09,REGULAR
C00342,Austin Baker,kathrynbest@example.org,2023-08-19,REGULAR
C00343,Kathryn Perry,fryraymondexample.com,2025-07-25,REGULAR
C00344,Eric Dixon,davidsonamanda@example.org,2024-02-09,REGULAR
C00345,Marie Day,amandamyers@example.net,2024-06-02,PREMIUM
C00346,Tim Wilson,pblair@example.org,2025-04-20,REGULAR
C00347,Adam Taylor,parkerjudith@example.net,2023-07-20,VIP
C00348,Michelle Jackson,hbenton@example.net,2023-11-20,REGULAR
C00349,Denise Brown,jessica10@example.com,2025-08-05,VIP
C00350,Mr. Jacob Scott Jr.,crawfordwilliam@example.org,2025-03-10,REGULAR
C00351,Alexandria Williams,perezwilliam@example.org,2024-07-29,VIP
C00352,Suzanne Yang,haroldhorne@example.org,2024-09-27,REGULAR
C00353,Barbara Nunez,john54@example.org,2023-09-02,REGULAR
C00354,John Campbell,lindajarvis@example.com,2025-12-24,REGULAR
C00355,Justin Torres,christopher70@example.com,2025-05-01,REGULAR
C00356,Kimberly Flynn,frichardson@example.org,2023-12-15,REGULAR
C00357,Melissa Smith,ijohnson@example.com,2024-06-29,REGULAR
C00358,Joseph Allen,usweeney@example.com,2024-12-13,REGULAR
C00359,Thomas Merritt,kaufmandouglas@example.com,2025-01-12,REGULAR
C00360,Mandy Foster,stephen19@example.org,2025-03-29,REGULAR
C00361,Samuel Howe,grahamtamara@example.org,2024-08-29,VIP
C00362,Brandy Carrillo,louis43@example.org,2023-11-01,REGULAR
C00363,Hunter Townsend,martinsteven@example.com,2024-10-31,VIP
C00364,Michael Mckenzie,hbaker@example.org,2025-07-19,REGULAR
C00365,David Kelly,lewismelissa@example.org,2025-01-05,PREMIUM
C00366,Kristi Pierce,jorge20@example.com,2023-10-16,REGULAR
C00367,Richard Walker,laradonald@example.org,2024-02-04,REGULAR
C00368,Kevin Lowery,owatson@example.net,2023-09-25,REGULAR
C00369,Ryan Lamb,gonzalezdebbie@example.org,2023-11-15,REGULAR
C00370,Jennifer Johnson,kwilliams@example.com,2025-07-05,REGULAR
C00371,Stephen Johnson,michaelodonnell@example.com,2025-04-28,PREMIUM
C00372,Brandon Reyes,deborahporter@example.net,2024-09-26,REGULAR
C00373,Rachael Howard DDS,crystalpham@example.org,2024-12-05,VIP
C00374,Alyssa Cochran,paul20@example.com,2024-05-02,REGULAR
C00375,Dr. Ariel Sandoval MD,xmoreno@example.net,2025-11-24,REGULAR
C00376,Rebecca Kelly,gallagherstacie@example.net,2025-12-18,VIP
C00377,Suzanne Johnson,gregorywatkins@example.net,2025-07-23,REGULAR
C00378,Casey Johnson,annalopez@example.com,2023-09-05,REGULAR
C00379,Christina Anderson,andrewwoods@example.com,2025-08-10,REGULAR
C00380,Patricia Mathis,brian29@example.net,2026-01-10,REGULAR
C00381,Gabrielle Morris,brookssheri@example.com,2026-05-13,REGULAR
C00382,Michael Hoffman,fconner@example.net,2026-02-10,REGULAR
C00383,Michael Anderson,jeffrey92@example.com,2025-08-22,VIP
C00384,Lance Mccall,xrosales@example.net,2026-05-04,REGULAR
C00385,Patrick Young,daniellegarcia@example.com,2026-05-20,VIP
C00386,Monica Rogers,daisymccarty@example.net,2023-07-20,REGULAR
C00387,Michelle Williams,johnjones@example.com,2024-10-17,REGULAR
C00388,Heather Bennett,acosta@example.com,2025-12-07,REGULAR
C00389,Fernando Lynn,franciscojones@example.org,2023-09-25,VIP
C00390,Stephanie Davis,pamelamartin@example.org,2025-04-01,REGULAR
C00391,Steve Moore,bbush@example.net,2023-10-23,REGULAR
C00392,Monica Baker,terriortiz@example.net,2024-05-03,REGULAR
C00393,Brittany Ward,codylong@example.net,2024-10-05,PREMIUM
C00394,Daniel Little,madison97@example.org,2026-05-14,REGULAR
C00395,Steven Baker,tanthony@example.com,2025-05-22,REGULAR
C00396,Andrew Gonzales,ylopez@example.com,2024-04-13,REGULAR
C00397,Rhonda Gutierrez,anne21@example.org,2025-09-21,PREMIUM
C00398,Joseph Camacho,angelarandall@example.net,2024-11-25,PREMIUM
C00399,Kenneth Black,thomasmiller@example.net,2025-03-08,VIP
C00400,Carol Lewis,davidtodd@example.org,2024-01-29,PREMIUM
C00401,Rodney Hernandez,hendersonvanessa@example.com,2025-04-02,REGULAR
C00402,Kristen Gates,renee11@example.com,2025-01-11,VIP
C00403,Ashley Hernandez,buchanancindy@example.net,2025-03-02,REGULAR
C00404,Sharon Beard,buckleyanna@example.org,2026-01-28,REGULAR
C00405,Christopher Powell,patrick79@example.net,2025-04-27,REGULAR
C00406,Patrick Mccall,vwilliams@example.net,2026-02-18,REGULAR
C00407,John Horton,morganlaura@example.com,2023-10-20,REGULAR
C00408,Erica Daniel,dennismccann@example.com,2025-04-12,REGULAR
C00409,Olivia Camacho,lopezjason@example.com,2025-11-29,REGULAR
C00410,Samuel Suarez,cameronmckinney@example.com,2023-08-07,PREMIUM
C00411,Jesus Hull,nancygonzalez@example.org,2025-07-28,REGULAR
C00412,Becky Johnson,micheal78@example.com,2024-08-08,PREMIUM
C00413,Hailey Monroe,ethompson@example.net,2024-04-08,REGULAR
C00414,Penny Lewis,mitchellpaul@example.org,2024-02-28,REGULAR
C00415,Sharon Coffey,ericaadams@example.com,2025-07-04,PREMIUM
C00416,Alejandra King,pbuck@example.org,2025-11-12,REGULAR
C00417,Judy Robinson,jennifer46@example.com,2024-05-25,REGULAR
C00418,Dr. Sara Hoffman DDS,asilva@example.net,2024-05-04,REGULAR
C00419,Shannon Green,olsonmatthew@example.com,2025-08-04,REGULAR
C00420,Rebekah Greene,jacob83@example.org,2025-06-11,VIP
C00421,Jason Price,jenniferrios@example.com,2023-08-14,REGULAR
C00422,Rachel Knox,matthewreeves@example.net,2025-06-23,PREMIUM
C00423,Carl Green,megan82@example.com,2025-11-15,PREMIUM
C00424,Henry Garner,staceylam@example.net,2024-05-30,REGULAR
C00425,Julie Delacruz,nathan94@example.com,2025-03-21,PREMIUM
C00426,Jane Evans,kennedyjames@example.org,2023-09-03,REGULAR
C00427,Dr. Victoria Thomas,derrickgonzalez@example.com,2026-01-12,REGULAR
C00428,Mrs. Amy Hayes,kimberlyfreeman@example.net,2024-02-16,VIP
C00429,Jeffrey Jordan,barbaramoore@example.org,2024-10-07,REGULAR
C00430,Jake Smith,creyes@example.net,2024-06-15,REGULAR
C00431,Michael Cooper,andrewsmith@example.net,2023-11-22,REGULAR
C00432,Angel Fry,tgordon@example.org,2024-11-05,VIP
C00433,Colin Vaughan,ryan25@example.com,2026-03-12,PREMIUM
C00434,Mrs. Alison Wagner,osmith@example.net,2023-11-16,REGULAR
C00435,Linda Williams,brooksdanielle@example.net,2023-10-31,REGULAR
C00436,Joshua Wells,williamsdarrell@example.com,2023-12-18,PREMIUM
C00437,Lisa Haynes,turnerdorothy@example.net,2024-09-26,REGULAR
C00438,Brian Gonzalez,huntchristine@example.com,2024-02-05,REGULAR
C00439,Christopher Kelley,marie35@example.net,2026-03-04,VIP
C00440,Susan Conley,arivera@example.org,2025-06-20,REGULAR
C00441,Ashley Scott,stacychan@example.org,2024-03-10,REGULAR
C00442,Sarah Ward,joseph01example.org,2025-06-28,PREMIUM
C00443,Charles Holland,grodgers@example.org,2024-06-22,REGULAR
C00444,Robert White,rfriedman@example.net,2024-09-07,REGULAR
C00445,Rebecca Banks,ynelson@example.net,2025-11-03,REGULAR
C00446,Thomas Webb,andersonjessica@example.org,2025-03-05,REGULAR
C00447,Shari Hobbs,ywhite@example.com,2025-08-21,PREMIUM
C00448,Arthur Pena,timothyfreeman@example.com,2023-07-21,REGULAR
C00449,Melissa Montgomery,tiffanysantiago@example.com,2024-10-11,REGULAR
C00450,Ryan Grant,timothyalvarado@example.net,2026-05-25,REGULAR
C00451,Sarah Booth,smithsarah@example.net,2023-09-25,REGULAR
C00452,Daniel Schneider,vflores@example.com,2024-09-09,REGULAR
C00453,Scott West,christianwallace@example.net,2023-11-11,REGULAR
C00454,Andrew Dunn,bmcgee@example.org,2025-12-04,PREMIUM
C00455,Tiffany Cox,pamela83@example.net,2023-09-03,REGULAR
C00456,Michelle Cox,meganrivera@example.net,2024-11-01,VIP
C00457,Mark Marsh,malonejeffrey@example.com,2025-02-10,PREMIUM
C00458,Mitchell Griffith,jacqueline02@example.com,2023-10-30,REGULAR
C00459,Roger Lee,jacobconrad@example.com,2024-07-02,REGULAR
C00460,Patricia Hayes,owilliams@example.net,2025-06-08,PREMIUM
C00461,Timothy Roberson,tamarasmith@example.net,2024-12-03,PREMIUM
C00462,Matthew Obrien,heatherthompson@example.org,2024-06-15,VIP
C00463,Denise Stuart,mbarnes@example.net,2026-05-07,REGULAR
C00464,Stacey Hunt,iballard@example.com,2025-12-22,REGULAR
C00465,Miguel Parks,jennifer83@example.org,2026-03-15,REGULAR
C00466,Melissa Morris,tinasantos@example.org,2023-11-08,PREMIUM
C00467,Megan English,anna99@example.net,2025-01-27,REGULAR
C00468,Charles Santiago,hstokes@example.org,2024-02-06,VIP
C00469,Melissa Phillips,tonyavega@example.org,2025-09-18,VIP
C00470,Nancy Hancock,howardshaun@example.net,2025-09-06,REGULAR
C00471,Matthew House,yyoung@example.net,2024-08-24,REGULAR
C00472,Marc Norman,tammy00@example.net,2026-01-20,PREMIUM
C00473,Kevin Rodgers,rhondabush@example.net,2024-02-02,REGULAR
C00474,Victor Moss,kellythompson@example.net,2023-11-12,REGULAR
C00475,Ryan Smith,pattersonangela@example.org,2024-11-16,PREMIUM
C00476,Timothy Gilbert,billmcfarland@example.net,2025-06-12,VIP
C00477,Michael Fox,jtyler@example.com,2026-04-23,PREMIUM
C00478,Anna Walker,hartmanerik@example.net,2024-02-20,PREMIUM
C00479,Yesenia Colon,mark43example.net,2026-05-18,REGULAR
C00480,Lisa Oliver,wilsonmichael@example.org,2026-04-25,REGULAR
C00481,Diane Pruitt,patrick16@example.com,2025-11-30,REGULAR
C00482,Steven Lee,willie87@example.com,2025-01-05,VIP
C00483,Lori Clark,jacksonstephanie@example.net,2025-05-09,REGULAR
C00484,Ronald Johns,michellecoleman@example.org,2025-09-05,PREMIUM
C00485,Allison Love,elucas@example.net,2023-08-17,VIP
C00486,Roberto Bartlett,brownlaura@example.net,2024-09-14,REGULAR
C00487,Michael Nichols,bmccoy@example.com,2025-05-21,VIP
C00488,Heather Shaw,avilabrenda@example.net,2024-05-11,REGULAR
C00489,Matthew Wells,catherine47@example.com,2025-01-26,VIP
C00490,Mark Evans,julierobles@example.net,2026-02-07,REGULAR
C00491,Andrew Armstrong,susan08@example.net,2024-08-31,PREMIUM
C00492,Jason Brewer,torreskaitlin@example.net,2025-01-04,REGULAR
C00493,Christopher Marsh,jackjensen@example.com,2026-01-01,PREMIUM
C00494,Danielle Gonzalez,enewman@example.com,2025-03-17,REGULAR
C00495,Stephanie Stewart,michael31@example.com,2024-10-30,REGULAR
C00496,Eugene Patterson,heather29@example.net,2023-07-13,REGULAR
C00497,Ryan Taylor,kristenjoseph@example.net,2025-08-27,REGULAR
C00498,Mr. Matthew Miller,wford@example.com,2024-05-02,REGULAR
C00499,Angela Jones,patriciagonzalez@example.net,2023-07-27,REGULAR
C00500,Andrew Green,hessbeth@example.net,2026-02-14,PREMIUM
C00501,Steven Lawrence,jvaldez@example.com,2026-01-06,REGULAR
C00502,Adam Allen,stevendixon@example.com,2026-04-30,VIP
C00503,Travis Hopkins,katherinetaylor@example.org,2026-05-04,REGULAR
C00504,Crystal Baker,ccrosby@example.org,2024-03-13,REGULAR
C00505,Jesse Williams,aprilmoody@example.com,2026-05-18,REGULAR
C00506,Joshua Thompson,dakota84@example.net,2025-06-03,REGULAR
C00507,Terry Black,briana18@example.com,2024-07-18,REGULAR
C00508,Brenda Martin,tommy79@example.org,2023-09-28,REGULAR
C00509,Ruth Guerrero,jason22@example.com,2024-09-21,REGULAR
C00510,Christopher Whitaker,jennifer77@example.com,2023-07-31,PREMIUM
C00511,Amanda Armstrong,andersonbrittany@example.org,2023-09-05,REGULAR
C00512,Marcia Johns,sandra86@example.net,2025-08-22,REGULAR
C00513,Sharon Jackson DVM,stacey37@example.net,2025-04-08,VIP
C00514,Grace Chavez,cindydixonexample.org,2025-03-28,PREMIUM
C00515,Scott Gordon,nicholasanderson@example.org,2024-09-27,REGULAR
C00516,Sherry Schmidt,catherinethompson@example.net,2025-09-17,REGULAR
C00517,April Pace,olsondavid@example.net,2025-06-30,REGULAR
C00518,Jessica Mays,xboydexample.org,2024-12-02,PREMIUM
C00519,Sara Johnston,zbell@example.net,2024-10-03,REGULAR
C00520,Kimberly Scott,thomas31@example.com,2023-07-13,REGULAR
C00521,Daniel Brock,lanedavid@example.org,2024-09-15,REGULAR
C00522,Joshua Cunningham,mooredenise@example.com,2025-04-20,REGULAR
C00523,Karen Wood,afischer@example.net,2025-02-18,REGULAR
C00524,Charles Shields,vanessa95@example.net,2023-11-11,REGULAR
C00525,Jordan Hartman,seanlyons@example.org,2025-11-07,REGULAR
C00526,Samantha Ruiz,martintamara@example.org,2025-04-07,PREMIUM
C00527,Misty Arias,brownjeffrey@example.org,2024-09-07,REGULAR
C00528,Jessica Harris,jennifer90@example.org,2025-06-07,REGULAR
C00529,Lisa Craig,james98@example.net,2024-07-25,REGULAR
C00530,Heather Foster,cantrellchristopher@example.com,2025-03-23,REGULAR
C00531,Molly Hansen,mclaughlincasey@example.org,2025-03-20,REGULAR
C00532,Jordan Powell,sylvia43@example.net,2023-07-12,REGULAR
C00533,Gina Wilson,richardrodriguez@example.org,2025-01-05,REGULAR
C00534,James Webb,nancy94@example.net,2024-03-23,REGULAR
C00535,Karen Scott,susan77@example.net,2024-08-18,VIP
C00536,Harry Nichols,ericahall@example.com,2025-07-24,REGULAR
C00537,Gloria Spencer,john16@example.net,2024-01-14,REGULAR
C00538,Melanie Browning,michael94@example.org,2024-12-20,PREMIUM
C00539,Dale Wright,jimmyallen@example.com,2025-04-27,PREMIUM
C00540,Mary Austin,kimberlywilson@example.org,2025-09-29,REGULAR
C00541,William Prince PhD,charlesnathan@example.com,2024-12-12,REGULAR
C00542,Jenny Ayers,raymond92@example.org,2023-08-11,REGULAR
C00543,Julia Norris,phillip27@example.org,2023-07-20,REGULAR
C00544,Debbie Dunn,nicolasgarcia@example.com,2024-03-16,REGULAR
C00545,Jeff Barnes,vmullen@example.com,2025-09-16,REGULAR
C00546,Veronica Parks,melissa47@example.org,2025-11-21,REGULAR
C00547,Robert Rodgers,linda86@example.com,2024-11-23,REGULAR
C00548,Michelle Floyd,thompsonvictor@example.net,2024-05-22,PREMIUM
C00549,David Combs,rosshannah@example.org,2023-10-18,REGULAR
C00550,Deanna Smith,jordan58@example.net,2023-11-14,REGULAR
C00551,Richard Kelly,barbarasantos@example.net,2025-06-24,REGULAR
C00552,Dustin Welch,champton@example.org,2023-12-09,REGULAR
C00553,Laura Sweeney,daniellemcfarland@example.com,2023-09-22,PREMIUM
C00554,Derek Newman,matthewedwards@example.net,2024-04-22,VIP
C00555,Tracie Gutierrez,xnorman@example.net,2024-01-20,REGULAR
C00556,Mercedes Miller,martinezjimmy@example.com,2024-01-01,REGULAR
C00557,Allison Sanders,davissharon@example.com,2025-09-30,REGULAR
C00558,Stacey Parker,garciachristine@example.org,2024-03-27,PREMIUM
C00559,Alyssa Alvarado,scott22@example.net,2026-01-10,PREMIUM
C00560,Brandy Fry,michelle78@example.com,2025-02-01,PREMIUM
C00561,Mark Ferguson,owelch@example.net,2026-03-02,VIP
C00562,Jacob Green,zfernandez@example.org,2024-05-26,REGULAR
C00563,John Smith,millskatherine@example.org,2026-03-16,REGULAR
C00564,Linda Robles,xevans@example.com,2025-02-11,PREMIUM
C00565,Miguel Brewer,robertcastro@example.com,2025-12-07,REGULAR
C00566,Rebecca Austin,josehenderson@example.org,2025-07-16,REGULAR
C00567,Barry Taylor,justin84@example.com,2023-11-02,REGULAR
C00568,Chelsea Smith,rwilliamson@example.net,2023-08-29,REGULAR
C00569,Jeffrey Smith,lopezcurtis@example.com,2023-10-12,REGULAR
C00570,Kathleen Watson,snydermatthew@example.com,2025-07-19,REGULAR
C00571,Reginald Jones,riveramegan@example.org,2024-11-20,REGULAR
C00572,Barbara Tate,paulawright@example.com,2024-03-29,REGULAR
C00573,Ray Boyd,cwright@example.org,2026-05-19,PREMIUM
C00574,Nicholas Garner,tprice@example.com,2025-02-12,REGULAR
C00575,Anthony Estrada,kingdanielle@example.org,2026-05-10,REGULAR
C00576,Lauren Foster,cynthianguyen@example.org,2024-03-23,REGULAR
C00577,Jacqueline Davis,perkinshannah@example.net,2023-12-23,REGULAR
C00578,Henry Moore,parksmatthew@example.net,2025-01-29,REGULAR
C00579,Nicole Trujillo,martinezjesse@example.net,2024-10-17,REGULAR
C00580,Steven Washington,andrewgray@example.net,2024-10-16,REGULAR
C00581,Gregory Oconnor,amy73@example.net,2024-04-26,REGULAR
C00582,Kimberly Gibson,caseymoore@example.com,2025-10-12,REGULAR
C00583,Patty Allen,bgross@example.net,2025-08-14,REGULAR
C00584,Brittany Campbell,rlee@example.com,2024-09-16,REGULAR
C00585,Beverly Russo,daniel81example.org,2024-02-08,REGULAR
C00586,Jasmine Burns,clee@example.net,2025-05-03,REGULAR
C00587,Timothy Clark,brandon39@example.net,2024-12-12,REGULAR
C00588,Teresa Perry,mcdonalddanielleexample.com,2024-08-04,PREMIUM
C00589,Sandra Miller,colonjoseph@example.org,2024-02-23,REGULAR
C00590,Joseph Wright,garciajerry@example.com,2025-05-04,REGULAR
C00591,Mark Howard,angelagrant@example.net,2024-11-07,PREMIUM
C00592,Kathy Sandoval,kandrade@example.org,2025-01-27,PREMIUM
C00593,Erika Watson PhD,umahoney@example.net,2024-10-09,REGULAR
C00594,Joshua Garner,charlene98@example.org,2024-07-25,PREMIUM
C00595,Victoria Larson,zwest@example.org,2025-01-09,REGULAR
C00596,Rodney Norris,adam33@example.com,2024-04-27,REGULAR
C00597,Jacob Perkins,clintonstevens@example.org,2024-03-12,REGULAR
C00598,Misty Mcguire,christopher69@example.org,2024-01-08,PREMIUM
C00599,Jane Deleon,larsonkevin@example.net,2026-03-16,PREMIUM
C00600,Cristina Delgado,michael66@example.org,2025-04-10,REGULAR
C00601,Andrew Fernandez,walterscrystal@example.org,2023-12-14,REGULAR
C00602,Nicole Johnston,ericnunez@example.com,2023-10-12,REGULAR
C00603,Bradley Duncan,zroberts@example.org,2023-08-29,REGULAR
C00604,Michael Gill,zbaker@example.net,2024-12-01,REGULAR
C00605,Yolanda Warren,tonypearson@example.org,2024-03-22,REGULAR
C00606,Jason Diaz,kimberly59@example.org,2024-01-27,REGULAR
C00607,Lisa Branch MD,brittney04@example.org,2023-12-10,REGULAR
C00608,Peter Farrell,glassjesus@example.net,2023-11-04,PREMIUM
C00609,Samantha Smith,sanchezchristine@example.org,2025-07-16,REGULAR
C00610,Joshua Harris,torresthomas@example.com,2025-01-15,REGULAR
C00611,Alicia Aguilar,ana92@example.net,2025-06-14,PREMIUM
C00612,Lisa Brown,scottbrian@example.org,2025-06-04,REGULAR
C00613,Mary Lin,jonesdonna@example.net,2023-07-28,REGULAR
C00614,Ariana Stewart,yhall@example.net,2026-01-16,PREMIUM
C00615,Michelle Williams,lopezvincent@example.com,2026-03-17,VIP
C00616,Harold Garrett,matthew62@example.org,2024-03-15,REGULAR
C00617,Tiffany Perez,lisa46@example.org,2024-07-06,PREMIUM
C00618,Tyler Salazar,fsandoval@example.net,2025-05-04,REGULAR
C00619,Susan Murphy,robertberry@example.com,2025-02-05,REGULAR
C00620,Shari Parker,denisecarpenter@example.net,2025-07-28,REGULAR
C00621,Krystal Moore,russellstout@example.org,2023-09-18,REGULAR
C00622,Pamela Beard,whitemary@example.org,2024-09-21,REGULAR
C00623,Denise Maxwell,vturner@example.net,2023-10-29,PREMIUM
C00624,Keith Hall,anthonyodom@example.net,2024-03-11,PREMIUM
C00625,Ryan Harrison,howardhailey@example.com,2025-05-30,REGULAR
C00626,Darrell Ortiz,melissahenry@example.org,2026-05-05,REGULAR
C00627,Timothy Duke,stephanie33@example.org,2026-01-17,PREMIUM
C00628,Ricardo Franklin,dwatts@example.org,2025-12-02,REGULAR
C00629,Sheri Buchanan,phillip99@example.net,2025-01-13,REGULAR
C00630,Jennifer Moss,cbryant@example.org,2025-02-21,REGULAR
C00631,Donna Jackson,leescott@example.com,2024-05-16,REGULAR
C00632,Jocelyn Sharp,vaughnrebecca@example.com,2023-11-05,PREMIUM
C00633,Kevin Marquez,phillipmorris@example.org,2024-02-08,PREMIUM
C00634,Michelle Martin,udavis@example.net,2025-08-27,REGULAR
C00635,Michael Acosta,wilsonshannon@example.com,2026-05-12,REGULAR
C00636,Krystal Keller,nicholasjames@example.org,2023-12-14,REGULAR
C00637,Nicholas Woodward,haroldjoseph@example.com,2024-05-10,REGULAR
C00638,Preston Smith,davidanderson@example.org,2024-12-19,REGULAR
C00639,Cynthia Chapman,astephens@example.net,2024-11-26,REGULAR
C00640,Stephen Ramirez,mramos@example.net,2025-05-08,REGULAR
C00641,Charles Johnson,brandonhernandez@example.net,2025-03-15,REGULAR
C00642,Christopher Powers,mark10@example.org,2025-04-19,REGULAR
C00643,Anna Evans,tammycurry@example.com,2024-08-03,REGULAR
C00644,Ana Ruiz,wwilkins@example.com,2023-11-15,PREMIUM
C00645,Lisa Rodriguez,mark68@example.org,2025-08-23,REGULAR
C00646,Lee Stewart,webbhaley@example.net,2025-01-18,REGULAR
C00647,Lynn Vasquez,sara99@example.com,2024-01-15,REGULAR
C00648,John Robles,jeanettekrause@example.org,2025-09-01,REGULAR
C00649,Gregory Shaffer,laurenduarte@example.com,2024-02-19,REGULAR
C00650,Jonathon Nguyen,hannahking@example.org,2023-07-14,PREMIUM
C00651,Cheyenne Bass,matthew99@example.org,2026-03-17,REGULAR
C00652,Karen Burton,zhendricks@example.org,2026-02-12,PREMIUM
C00653,Nathaniel Stewart,steven60@example.net,2025-01-29,REGULAR
C00654,Chase Pittman,barbararivera@example.com,2024-07-03,REGULAR
C00655,Chelsea Wilson,ksims@example.net,2025-10-18,REGULAR
C00656,Jonathan Young,janet50@example.com,2024-10-31,REGULAR
C00657,Andrew Harris,javier42@example.org,2023-10-14,REGULAR
C00658,Thomas Oconnor,lloydrebecca@example.org,2025-01-16,REGULAR
C00659,Christine Johnson MD,douglas18@example.net,2026-01-14,PREMIUM
C00660,Shelby Cook,smithsarah@example.net,2026-02-09,PREMIUM
C00661,Peter Fowler,meyerdonna@example.com,2024-02-16,PREMIUM
C00662,Megan Nelson,jameshill@example.com,2023-12-22,REGULAR
C00663,Joshua Dunn,smithcindy@example.net,2024-04-21,REGULAR
C00664,Gina Wallace,audrey21@example.com,2023-11-23,REGULAR
C00665,Brandon Myers,dberger@example.org,2025-07-28,PREMIUM
C00666,Michelle Lambert,tjensen@example.com,2025-01-26,REGULAR
C00667,Jesus Cohen,fbradley@example.net,2025-08-03,REGULAR
C00668,Lisa Durham,oruiz@example.org,2024-08-28,REGULAR
C00669,John Bell,kristina57@example.com,2024-11-10,REGULAR
C00670,Brian Roth,justinbailey@example.net,2025-11-03,REGULAR
C00671,Kevin Allen,angela14@example.net,2024-03-23,REGULAR
C00672,Michael Reynolds,terrireyes@example.com,2026-05-17,REGULAR
C00673,Nancy Joseph,amy32@example.net,2025-12-15,REGULAR
C00674,Jeremy Parker,vargassteven@example.net,2024-09-12,VIP
C00675,Matthew Brown,jenningscandace@example.com,2024-02-24,REGULAR
C00676,Nicole Guerrero,paigeberger@example.net,2024-11-01,REGULAR
C00677,Shawn Evans,peter97@example.org,2025-10-31,PREMIUM
C00678,Lisa Dixon,samantha65@example.org,2025-12-27,REGULAR
C00679,Samantha Howard,bryan80@example.org,2026-01-11,REGULAR
C00680,Michelle Sullivan,youngjacqueline@example.com,2024-10-13,REGULAR
C00681,Sarah Ward,elainewells@example.org,2024-09-24,PREMIUM
C00682,Alan Griffith,whitney22@example.org,2024-12-07,REGULAR
C00683,Robert Dalton,iproctor@example.org,2026-02-14,REGULAR
C00684,Robert Cruz,dhanson@example.net,2024-03-04,REGULAR
C00685,Cynthia Shaw,kjacobs@example.com,2024-09-17,VIP
C00686,Ashley Olson,arthur09@example.com,2025-07-13,REGULAR
C00687,Blake Wu,jessicafox@example.com,2023-10-10,REGULAR
C00688,Mark Yates,qmccoy@example.net,2024-06-05,REGULAR
C00689,Jose Harrison,bergeramanda@example.org,2025-08-28,VIP
C00690,Andrew Livingston,zgomez@example.com,2025-09-13,REGULAR
C00691,Mary Carter,bryan79@example.org,2025-09-01,PREMIUM
C00692,Richard King,mitchellchristopher@example.net,2025-04-24,PREMIUM
C00693,Kevin Hernandez,michaela01@example.net,2024-10-26,REGULAR
C00694,Joseph Johnson,josehaynes@example.com,2026-05-22,REGULAR
C00695,Jennifer Reyes,caitlinunderwood@example.com,2025-06-11,PREMIUM
C00696,Dennis Weiss,jasonnavarro@example.com,2023-09-01,REGULAR
C00697,Nicole Patel,tross@example.com,2024-08-15,REGULAR
C00698,Alexandra Ho,jwells@example.net,2024-10-28,REGULAR
C00699,Tina Reynolds,suzanne01@example.net,2026-03-12,REGULAR
C00700,Jeanne Mejia,matthew41@example.com,2025-09-13,REGULAR
C00701,Adam Smith,aprilbyrd@example.org,2023-09-18,REGULAR
C00702,Daniel Campbell,gdavis@example.net,2024-01-29,PREMIUM
C00703,Sara Sampson,harveybrian@example.net,2025-05-18,REGULAR
C00704,Stephanie Knight,millercassandra@example.com,2026-05-03,REGULAR
C00705,Angela Chavez,dominguezjonexample.com,2026-06-02,REGULAR
C00706,Richard Ramirez,qschwartz@example.com,2023-09-12,REGULAR
C00707,Deborah Alexander,dcook@example.com,2024-12-13,REGULAR
C00708,Joshua Reynolds,chelseywhite@example.com,2025-04-22,REGULAR
C00709,Benjamin Luna,gainesjennifer@example.org,2025-10-13,REGULAR
C00710,Andrew Myers,mosleyeduardo@example.net,2023-12-16,REGULAR
C00711,Patricia Mendoza,rebecca90@example.net,2024-09-10,REGULAR
C00712,Karen Bradley,fernandezaaron@example.net,2026-03-30,REGULAR
C00713,Tina Davis,mathew46@example.org,2025-01-27,REGULAR
C00714,Julian Ponce,christopher74@example.net,2025-06-11,VIP
C00715,Mark Moss,heather15@example.com,2023-12-04,REGULAR
C00716,Arthur Fernandez MD,anthonydavies@example.org,2025-01-27,REGULAR
C00717,George Le,blevy@example.org,2024-09-12,REGULAR
C00718,Sheila Herrera,lindsaycontreras@example.com,2025-09-04,PREMIUM
C00719,Alec Meadows DDS,sandyjohnson@example.org,2024-03-22,REGULAR
C00720,Anne Carr,alexischen@example.com,2025-12-14,PREMIUM
C00721,Lisa Brown,meyersdaniel@example.com,2024-02-09,PREMIUM
C00722,Laura Taylor,lisa65@example.org,2025-12-15,REGULAR
C00723,Donald Todd,kathrynwatkins@example.com,2024-01-03,PREMIUM
C00724,Brett Boone,angela73@example.net,2025-04-20,PREMIUM
C00725,Timothy Mann,alexistucker@example.org,2025-03-31,REGULAR
C00726,Devin Cole,robert72@example.org,2024-03-19,REGULAR
C00727,Lisa Miller,cheryljohnson@example.org,2025-12-05,VIP
C00728,William Davila,michael08@example.org,2025-04-27,VIP
C00729,Cory Hogan,stevensims@example.org,2025-07-07,REGULAR
C00730,Amy Diaz,kjimenez@example.net,2024-02-16,REGULAR
C00731,Tammy Thompson,matthew70@example.org,2025-10-22,PREMIUM
C00732,Leslie Nguyen,erobertson@example.org,2024-02-04,REGULAR
C00733,Oscar Kane,jerry15@example.org,2024-08-11,REGULAR
C00734,Brianna Reilly,charlesrichards@example.org,2024-11-04,PREMIUM
C00735,Ian Nelson,dbrooks@example.net,2024-06-30,REGULAR
C00736,John Barnes,schwartzbrian@example.org,2025-09-25,REGULAR
C00737,Susan Lane,oliviamunoz@example.net,2025-02-16,VIP
C00738,Cindy Wells,christophervincent@example.com,2024-11-12,PREMIUM
C00739,Jeffrey Walker,blairjill@example.org,2026-03-22,REGULAR
C00740,Amanda Ruiz,robinvillanueva@example.com,2025-10-04,PREMIUM
C00741,Jodi Allen,simmonsphillip@example.net,2025-02-22,REGULAR
C00742,Edward Holland,steelerichard@example.org,2023-10-12,REGULAR
C00743,Kelly Silva,kcaldwell@example.net,2026-05-13,REGULAR
C00744,Seth Sims,tingram@example.com,2025-07-27,REGULAR
C00745,Andrew Simmons,daltonchad@example.net,2024-04-20,REGULAR
C00746,Amy Dougherty,kristinmiller@example.com,2025-06-26,REGULAR
C00747,Jacob Wong,rodriguezmichael@example.net,2025-07-28,REGULAR
C00748,John Crosby,devonrogers@example.net,2025-03-17,VIP
C00749,Derek Frazier,karenhodges@example.com,2024-04-28,REGULAR
C00750,Barbara Mckinney,watsonshaun@example.net,2025-06-30,PREMIUM
C00751,Judith Miller,shannon51@example.org,2026-02-19,VIP
C00752,Michael Crawford,susan11@example.org,2026-01-25,REGULAR
C00753,Kara Fisher,cartertara@example.net,2025-09-01,REGULAR
C00754,Kelly Rogers,carterbryan@example.org,2025-03-15,PREMIUM
C00755,Keith Villanueva,todd88@example.com,2024-05-29,REGULAR
C00756,Duane Huber,jeremy54@example.org,2025-04-27,REGULAR
C00757,Melissa Estrada,jennifermitchell@example.org,2023-12-18,VIP
C00758,David Lopez,darylchaney@example.net,2025-02-26,PREMIUM
C00759,Joshua Martin,wadetiffany@example.org,2024-05-24,REGULAR
C00760,Tanya Moore,sullivanvictor@example.org,2026-05-07,REGULAR
C00761,Nicole Mcknight,deborah47@example.com,2025-06-17,REGULAR
C00762,Andrew Gregory,hmorgan@example.net,2023-11-09,REGULAR
C00763,Gabriel Franklin,moralesmary@example.com,2024-02-01,REGULAR
C00764,Joshua Griffin,kimberlywang@example.org,2025-06-22,REGULAR
C00765,Larry Harding,daughertypreston@example.com,2026-03-02,VIP
C00766,Dustin Bell,raymond65@example.com,2026-05-15,VIP
C00767,Regina Roberts PhD,lewispamela@example.net,2026-05-07,REGULAR
C00768,Linda Thomas,achandler@example.org,2024-05-26,REGULAR
C00769,Mark Nelson,carl96@example.org,2024-01-10,REGULAR
C00770,Ronnie Roberts,wpage@example.org,2024-12-11,REGULAR
C00771,Courtney Moody,mary47@example.net,2023-12-19,REGULAR
C00772,Donna White,stephanie71@example.net,2026-02-28,REGULAR
C00773,Andrea Reese DDS,anthonyhubbard@example.com,2025-03-01,PREMIUM
C00774,Laura Bruce,courtney71@example.com,2023-12-28,PREMIUM
C00775,Christopher Nelson,thomassteven@example.net,2024-09-27,REGULAR
C00776,Kayla Miranda,brandon48@example.net,2024-01-19,REGULAR
C00777,Samantha Cohen,georgegary@example.com,2024-05-23,REGULAR
C00778,Joseph Watson,cody95@example.org,2024-12-05,PREMIUM
C00779,Daniel Lopez,samantha21@example.org,2026-02-18,REGULAR
C00780,Tammy Mendoza,butlersabrina@example.org,2024-06-04,PREMIUM
C00781,Gloria Mckinney,don79@example.net,2023-08-07,REGULAR
C00782,Elizabeth Clark,walkermelissa@example.org,2026-05-18,REGULAR
C00783,Raymond Todd,yvazquez@example.org,2023-08-22,PREMIUM
C00784,Bryan King,johnsondonna@example.net,2023-09-16,PREMIUM
C00785,Steven Lopez,websterkimberly@example.net,2024-07-16,REGULAR
C00786,Hannah Martin,thomasjulie@example.com,2024-12-22,REGULAR
C00787,Kendra Baldwin,williamjones@example.net,2026-04-30,REGULAR
C00788,Daniel Gordon,rachelmedina@example.net,2025-07-31,PREMIUM
C00789,Catherine Kelly,helen27@example.net,2024-08-15,REGULAR
C00790,Brian Taylor,willierussell@example.com,2025-09-27,VIP
C00791,James Bryant DDS,angela01@example.com,2025-07-09,VIP
C00792,Mrs. Shannon Jacobson,aperez@example.com,2025-11-09,REGULAR
C00793,Matthew Miller,harry71@example.com,2023-12-07,REGULAR
C00794,Vanessa Brown,gneal@example.net,2026-05-12,PREMIUM
C00795,Molly Ramirez,james61@example.org,2025-08-06,VIP
C00796,Tiffany Archer,katelyn65@example.com,2025-01-03,PREMIUM
C00797,David Dunlap Jr.,katrinarodriguez@example.com,2025-09-01,REGULAR
C00798,Michael Hernandez,jimenezanthony@example.org,2025-05-01,REGULAR
C00799,Rebecca Harris,wolfdonna@example.net,2025-06-12,REGULAR
C00800,Kimberly Smith,iwagner@example.com,2025-09-29,REGULAR
C00801,Samuel Ramos,hbeard@example.com,2023-08-15,REGULAR
C00802,Carly Jordan,angeladalton@example.com,2024-06-05,PREMIUM
C00803,Mary Jennings,hfreeman@example.net,2025-03-08,PREMIUM
C00804,Dennis Garza,khart@example.net,2024-08-13,PREMIUM
C00805,Andrew Hood,katie45@example.org,2024-07-13,REGULAR
C00806,Gregory Howard,hubbardcolleen@example.com,2024-07-16,REGULAR
C00807,Michael Melton,johnwong@example.net,2023-11-07,PREMIUM
C00808,Jenny Robertson,andrewnguyen@example.com,2024-09-28,REGULAR
C00809,James Armstrong,dominguezbrianna@example.com,2025-11-15,REGULAR
C00810,Pamela Morgan,vazquezjamie@example.com,2025-04-23,VIP
C00811,Rachel Pittman,tara37@example.net,2025-01-29,PREMIUM
C00812,Lori Rubio,joseph49@example.com,2025-08-11,REGULAR
C00813,Karen Clark,vargasjoshua@example.net,2025-11-02,REGULAR
C00814,Christina Morales,william46@example.net,2025-05-04,REGULAR
C00815,Lori Black,jpowers@example.org,2024-01-22,REGULAR
C00816,Mark Lamb,vlewis@example.com,2026-01-02,PREMIUM
C00817,Curtis Ford,umichael@example.net,2024-03-20,PREMIUM
C00818,Sarah Adams,megan65@example.org,2024-05-08,REGULAR
C00819,Chris Johnson,jonathanburke@example.com,2025-11-03,REGULAR
C00820,Amanda Moore,steven86@example.com,2023-11-30,REGULAR
C00821,Amanda Sharp,kristine48@example.org,2025-10-18,REGULAR
C00822,Arthur Friedman,heathchristopher@example.net,2026-02-17,REGULAR
C00823,Kenneth Mason,sandersmary@example.org,2023-11-13,REGULAR
C00824,Robert Murphy,tyler13@example.net,2025-03-21,PREMIUM
C00825,Claudia Rodriguez,vshaffer@example.org,2024-02-21,REGULAR
C00826,James Fry MD,scott49@example.org,2024-10-01,REGULAR
C00827,Mike Underwood,sylviasuarez@example.org,2023-07-30,REGULAR
C00828,Rachel Allen,skinnereileen@example.org,2025-02-16,REGULAR
C00829,Shannon Price,danielle51@example.net,2026-03-03,REGULAR
C00830,Rodney Young,qpennington@example.com,2024-02-17,REGULAR
C00831,Andrew Delacruz,ruthwelch@example.net,2025-12-01,REGULAR
C00832,Sherri Wilkins,aruiz@example.com,2025-12-02,REGULAR
C00833,Kimberly Murphy,william56@example.net,2025-07-18,PREMIUM
C00834,Brandy Morales,davidsonisaiah@example.com,2025-05-07,REGULAR
C00835,Tracy Rivas,barbara12@example.org,2025-09-28,PREMIUM
C00836,Nicholas Green,usparks@example.com,2025-07-09,PREMIUM
C00837,James Bennett,lauren31@example.com,2025-12-13,PREMIUM
C00838,Lori Meadows,andrewjohnson@example.net,2026-05-11,REGULAR
C00839,Jeffrey Green,josechristian@example.org,2023-10-10,REGULAR
C00840,Jessica Mora,george91@example.org,2024-11-02,REGULAR
C00841,Scott Casey,twilson@example.org,2024-05-09,PREMIUM
C00842,Whitney Campbell,breyes@example.org,2025-06-28,VIP
C00843,William Young,ywhite@example.org,2024-10-30,REGULAR
C00844,John Savage,mikesutton@example.com,2026-05-11,REGULAR
C00845,Nancy Scott,tmcdaniel@example.com,2023-10-17,REGULAR
C00846,Yesenia Crosby,williamssarah@example.com,2026-05-04,PREMIUM
C00847,James Wood,smithwilliam@example.com,2026-05-04,REGULAR
C00848,Gerald Mcdonald Jr.,carpenterjorge@example.net,2025-08-03,REGULAR
C00849,Carl Savage,hthomas@example.com,2025-12-13,REGULAR
C00850,Tammy Black,sara44@example.net,2024-10-14,REGULAR
C00851,Tammy Fields,leslievang@example.org,2024-10-19,REGULAR
C00852,Christopher Mcdonald,edgarhall@example.org,2023-11-08,REGULAR
C00853,Judith Rodriguez,wwilliams@example.net,2025-08-13,VIP
C00854,Christopher Hicks,daviddavis@example.com,2024-04-23,REGULAR
C00855,Catherine Knapp,brandybonilla@example.net,2024-03-26,PREMIUM
C00856,William Martinez,vrhodes@example.org,2024-08-09,PREMIUM
C00857,Michael Castillo,hooderic@example.org,2025-05-07,PREMIUM
C00858,Tiffany Nguyen,brooke05@example.org,2025-08-25,REGULAR
C00859,Robert Manning,jasonwilliams@example.net,2025-02-10,REGULAR
C00860,Randy Ross,qdavis@example.org,2023-07-29,PREMIUM
C00861,Tiffany Moore,frankchan@example.com,2024-05-21,REGULAR
C00862,Heather Davis,tfitzgerald@example.net,2024-08-02,VIP
C00863,Kyle Davis,tracymcclure@example.com,2024-09-30,PREMIUM
C00864,Glenn Ford,christina66@example.org,2024-03-03,PREMIUM
C00865,Donna Kim,sarahrose@example.net,2026-03-01,REGULAR
C00866,Sarah Mills,ievans@example.net,2024-05-17,REGULAR
C00867,Jeffery Davis,arnoldsamantha@example.net,2025-06-11,REGULAR
C00868,Patrick Ford,michael91@example.net,2025-10-23,REGULAR
C00869,Kevin Gibson,awilliams@example.net,2025-06-21,REGULAR
C00870,William Green,matthew23example.org,2025-06-24,REGULAR
C00871,Christopher Woods,aferguson@example.com,2025-07-14,REGULAR
C00872,Tracey Leonard,nturner@example.com,2025-11-11,PREMIUM
C00873,Melissa Lopez,martinezalexander@example.org,2023-08-05,PREMIUM
C00874,Mark Tyler,pwong@example.org,2024-01-27,REGULAR
C00875,Christopher Hernandez,kayla27@example.com,2025-07-25,REGULAR
C00876,Edward Gallegos,cruiz@example.net,2024-08-28,REGULAR
C00877,Linda Spencer,alan66@example.com,2024-05-12,REGULAR
C00878,Taylor Stein,gross@example.net,2026-01-17,VIP
C00879,Kristen Adams,jenniferrice@example.com,2025-05-29,REGULAR
C00880,Michael Smith,nwilson@example.net,2024-05-10,PREMIUM
C00881,Terry Morgan,taylorkim@example.net,2025-04-09,REGULAR
C00882,Toni Whitaker,sanderson@example.net,2025-06-24,REGULAR
C00883,Paul Estrada,laura29@example.org,2023-11-22,REGULAR
C00884,Katherine Young,ericvasquez@example.com,2025-02-20,VIP
C00885,Ronald Kline,howardjose@example.net,2023-08-11,REGULAR
C00886,Danny Scott,morgandaniel@example.org,2024-07-04,PREMIUM
C00887,Shelly Munoz,kayla84@example.org,2023-10-27,REGULAR
C00888,Nicole Villegas,housesamuel@example.com,2025-10-18,PREMIUM
C00889,Bruce Harris,colonbobby@example.org,2024-07-27,REGULAR
C00890,Brittany Cox,jean87@example.net,2025-11-27,REGULAR
C00891,Adriana Davenport,allisonscott@example.com,2024-11-23,PREMIUM
C00892,Jennifer Soto,william14@example.com,2024-03-25,PREMIUM
C00893,Jason Ellis,icobb@example.com,2026-01-01,REGULAR
C00894,Kelly Jones,sherry72@example.org,2024-07-02,REGULAR
C00895,Peter Keller,kholden@example.com,2025-05-21,REGULAR
C00896,Valerie Barnes,levinetina@example.net,2026-02-06,REGULAR
C00897,Stephanie Bishop,jennifer55@example.org,2023-12-11,VIP
C00898,Lisa Ramos,ngriffin@example.net,2024-07-10,REGULAR
C00899,George Hardy,trowe@example.org,2025-09-03,REGULAR
C00900,Juan Boyd,abigailfernandez@example.org,2025-09-22,REGULAR
C00901,Daisy Schroeder,andrewzamora@example.net,2025-08-20,REGULAR
C00902,Heather Williams,dennismckenzie@example.com,2025-05-31,REGULAR
C00903,William Trujillo,westashley@example.org,2026-05-27,REGULAR
C00904,Brenda Gray,michaelmitchell@example.net,2025-09-01,REGULAR
C00905,Charles Simmons,murphybrandi@example.com,2024-09-19,VIP
C00906,Blake Rhodes,brownpamela@example.com,2024-09-09,VIP
C00907,Whitney Barker,lwiggins@example.com,2026-04-13,REGULAR
C00908,Michael Anderson,jcolon@example.net,2025-07-28,VIP
C00909,Terry Wood,bensonstanley@example.org,2026-04-17,REGULAR
C00910,Joseph Wilson,xrodriguez@example.net,2024-05-28,REGULAR
C00911,Kevin Williams,kevin70@example.org,2026-02-15,REGULAR
C00912,Andrea Williams,jason70@example.org,2024-12-01,VIP
C00913,Sandra Anderson,ariel56@example.com,2023-12-02,REGULAR
C00914,Nicholas Davis,qgill@example.com,2025-05-04,REGULAR
C00915,Tina Wu,zhughes@example.com,2025-08-30,VIP
C00916,Patricia Parker,clinejasmine@example.net,2025-05-25,REGULAR
C00917,Tina Boyd,leechristine@example.net,2025-09-15,VIP
C00918,Denise Harris,martinezsharon@example.org,2025-12-08,PREMIUM
C00919,Kevin Henry,imillerexample.net,2026-03-29,REGULAR
C00920,David Wilson,samuel60@example.net,2023-10-21,VIP
C00921,Tristan Gregory,justinwhite@example.org,2023-09-08,VIP
C00922,Charles Orozco,howard04@example.com,2024-04-07,REGULAR
C00923,Katherine Goodwin,williamsjohn@example.net,2024-08-21,PREMIUM
C00924,John Russell,adamslucas@example.net,2024-03-13,REGULAR
C00925,Phillip Pearson,adamstabitha@example.net,2023-11-18,REGULAR
C00926,Walter Brooks,ogriffin@example.net,2026-05-23,REGULAR
C00927,Aaron Marshall,amandahenderson@example.net,2025-12-08,PREMIUM
C00928,Karen Harper,denise20@example.org,2025-12-18,REGULAR
C00929,Katrina Williams,okidd@example.org,2025-09-02,REGULAR
C00930,Molly Lutz,turnerrandall@example.org,2026-01-29,PREMIUM
C00931,Theresa Reid,cherylbernard@example.com,2026-05-17,REGULAR
C00932,Joe Greene,qnelson@example.com,2023-07-24,REGULAR
C00933,Adam Thompson,deborahsmith@example.com,2025-02-19,REGULAR
C00934,Mariah Jones,ifarmer@example.org,2023-08-09,REGULAR
C00935,Heather Thompson,wchambers@example.com,2025-10-03,REGULAR
C00936,Daniel Smith,martinezmitchell@example.org,2024-05-02,VIP
C00937,William Coffey,james94@example.net,2023-08-16,PREMIUM
C00938,Craig Nicholson,tconwayexample.net,2024-09-02,REGULAR
C00939,Patrick Chambers,ashley72@example.net,2025-04-10,REGULAR
C00940,Timothy Foley,cameronanderson@example.org,2026-02-01,REGULAR
C00941,Justin Gibson,james08@example.net,2026-04-02,REGULAR
C00942,Michael Owens,nashmarcus@example.com,2024-07-27,PREMIUM
C00943,Kim Stewart,stephensonjeffrey@example.com,2024-08-28,REGULAR
C00944,Michael Rosario,christopher90@example.net,2026-03-11,REGULAR
C00945,Alyssa Reynolds,frankcollins@example.net,2023-08-02,REGULAR
C00946,Glen Brown,mary31@example.com,2024-06-27,REGULAR
C00947,Brendan Griffin,sherryparsons@example.net,2023-11-18,REGULAR
C00948,Cameron Ellison,rangelnicholas@example.net,2024-10-21,REGULAR
C00949,Kristin Phillips,cheryl61@example.org,2024-08-17,REGULAR
C00950,Lori Chavez,williamsonrobert@example.net,2024-11-13,REGULAR
C00951,Timothy Logan,nhobbs@example.org,2024-11-03,PREMIUM
C00952,Andrea Clarke,briana11@example.org,2024-01-30,REGULAR
C00953,Mr. Cody Taylor,danascott@example.com,2023-08-23,PREMIUM
C00954,Emily Mcclure,larrygraham@example.net,2025-10-11,REGULAR
C00955,Adam Willis,terrancemorrison@example.com,2025-06-30,REGULAR
C00956,Jennifer Gonzalez,younglori@example.net,2024-02-06,REGULAR
C00957,Michael Mcdonald,kristenpeterson@example.net,2025-07-15,REGULAR
C00958,Shawn Lozano,christina65@example.org,2024-12-17,REGULAR
C00959,Cynthia Navarro,fowlerheather@example.com,2026-04-18,REGULAR
C00960,William Cox,lindsay63@example.com,2023-09-24,REGULAR
C00961,Kevin Cannon,spencerdouglas@example.com,2023-08-23,REGULAR
C00962,Michelle Morgan,gonzalezjustin@example.org,2025-02-18,REGULAR
C00963,Alisha Byrd,jamesthompson@example.com,2024-08-14,REGULAR
C00964,Robert Guerrero,morganjason@example.com,2026-04-06,PREMIUM
C00965,Thomas Norton,ejohns@example.org,2024-01-28,PREMIUM
C00966,Mark Mccall,ubenson@example.net,2025-09-28,REGULAR
C00967,Anthony Flynn,melissaphillips@example.org,2026-01-23,REGULAR
C00968,Lisa Jackson,fclark@example.com,2024-08-24,VIP
C00969,Kelly Webb,victor72@example.com,2026-04-21,REGULAR
C00970,Lauren Johnson,zadams@example.net,2024-02-27,REGULAR
C00971,Stephen Duncan,shannonyoung@example.org,2026-03-31,PREMIUM
C00972,Joseph Hall,jonathan12@example.org,2023-08-20,VIP
C00973,Jonathan Nelson,ronald76@example.com,2023-08-03,REGULAR
C00974,Bradley Kirby,phall@example.org,2025-01-04,REGULAR
C00975,Isaac Payne,hartmansara@example.org,2024-06-27,VIP
C00976,Brenda Wyatt,john43@example.net,2025-08-09,REGULAR
C00977,Jennifer Sullivan,alan44@example.com,2025-03-17,REGULAR
C00978,Crystal Cummings,kennedywilliam@example.org,2024-02-16,REGULAR
C00979,Julia Conner,zacharyhartman@example.com,2024-06-05,REGULAR
C00980,Jerry Hansen,roymcmahon@example.com,2024-08-10,PREMIUM
C00981,Sandra Morgan,kevinrojas@example.com,2024-09-26,REGULAR
C00982,Kevin Bradley,sfarmer@example.net,2023-08-11,REGULAR
C00983,Rebecca Mcintyre,ericcisneros@example.com,2025-03-10,REGULAR
C00984,James Wells,nbaird@example.com,2024-06-22,PREMIUM
C00985,Michael Thompson,tfowler@example.org,2025-12-05,REGULAR
C00986,Jasmin Harris,mjohnson@example.org,2024-05-13,VIP
C00987,Scott Jenkins,gibsonmiguel@example.org,2023-12-22,REGULAR
C00988,Troy Glenn,andersonrobert@example.net,2023-11-23,REGULAR
C00989,Larry Crosby,kylemeyers@example.net,2025-03-25,PREMIUM
C00990,Roger Jacobs,ahillexample.org,2024-03-27,REGULAR
C00991,Nancy Roberts,renee77@example.com,2026-02-01,REGULAR
C00992,Rodney Horn,treed@example.com,2024-09-22,PREMIUM
C00993,Matthew Hale,rachelquinn@example.com,2023-10-17,PREMIUM
C00994,Kimberly Estrada,allenmonica@example.com,2023-09-17,REGULAR
C00995,Jacob Campos,reginajenkins@example.net,2024-12-26,PREMIUM
C00996,Julia Jones,robert24@example.org,2025-07-17,REGULAR
C00997,Jennifer Smith,vjames@example.com,2023-11-07,PREMIUM
C00998,Bradley Sandoval,markgoodman@example.com,2025-08-06,REGULAR
C00999,Albert Garcia,rtaylor@example.org,2024-05-16,REGULAR
C01000,Brittany Howard,qjackson@example.org,2024-02-23,REGULAR
