order_id,customer_id,order_date,status,region_code
O000001,C00657,2026-04-05 15:24:58,SHIPPED,East
O000002,C00899,2025-05-25 21:20:43,DELIVERED,West
O000003,C00565,2026-05-05 20:26:50,PLACED,East
O000004,C00880,2024-09-25 17:01:58,SHIPPED,East
O000005,C00752,2025-10-15 20:19:11,PLACED,North
O000006,C00870,2024-09-04 05:51:28,RETURNED,West
O000007,C00788,2024-09-08 13:14:45,RETURNED,East
O000008,C00557,2024-10-07 00:31:42,SHIPPED,East
O000009,C00402,2024-08-23 21:17:20,DELIVERED,South
O000010,C00476,2024-07-29 14:46:20,DELIVERED,North
O000011,C00679,2024-12-26 10:43:24,RETURNED,South
O000012,C00776,2025-06-27 08:51:55,SHIPPED,South
O000013,C00754,2026-01-14 11:58:50,PLACED,South
O000014,C00780,2024-07-14 21:20:08,DELIVERED,South
O000015,C00044,2025-01-18 07:28:14,DELIVERED,West
O000016,C00481,2026-06-05 17:01:10,PLACED,East
O000017,C00106,2025-11-05 22:46:53,DELIVERED,East
O000018,C00593,2026-02-04 10:40:19,CANCELLED,East
O000019,C00602,2024-08-07 12:31:43,RETURNED,East
O000020,C00386,2024-12-09 03:01:11,CANCELLED,East
O000021,C00837,2026-02-06 07:53:32,CANCELLED,North
O000022,C00514,2025-04-08 08:39:48,SHIPPED,North
O000023,C00527,2025-07-22 20:21:38,SHIPPED,South
O000024,C00371,2026-06-10 17:00:28,SHIPPED,West
O000025,C00831,2025-01-18 03:10:35,CANCELLED,West
O000026,C00216,2025-06-27 21:41:41,CANCELLED,North
O000027,,2026-01-11 20:28:56,SHIPPED,South
O000028,C00645,2025-09-22 10:13:21,SHIPPED,North
O000029,C00171,2025-03-10 18:54:26,CANCELLED,North
O000030,C00900,2025-11-18 00:42:46,DELIVERED,North
O000031,C00222,2025-03-15 13:20:24,CANCELLED,South
O000032,C00225,2025-02-23 05:01:23,RETURNED,South
O000033,C00639,2024-12-29 23:10:15,DELIVERED,West
O000034,C00611,2025-03-28 19:14:31,CANCELLED,South
O000035,,2025-04-25 00:28:45,RETURNED,West
O000036,C00847,2025-09-27 03:04:55,CANCELLED,North
O000037,C00899,2026-06-20 09:15:03,PLACED,North
O000038,C00494,2026-04-06 17:02:43,RETURNED,North
O000039,C00919,2026-02-16 21:48:47,CANCELLED,West
O000040,C00380,2024-07-10 04:44:58,CANCELLED,South
O000041,C00961,2026-04-04 20:35:12,CANCELLED,East
O000042,C00604,2025-04-27 10:58:55,RETURNED,North
O000043,C00436,2026-03-10 04:52:24,SHIPPED,North
O000044,C00291,2026-05-14 15:58:39,DELIVERED,South
O000045,C00006,2024-07-26 16:53:15,RETURNED,North
O000046,,2024-10-05 17:11:56,DELIVERED,West
O000047,C00371,2025-07-30 13:24:34,RETURNED,East
O000048,C00268,2026-06-02 16:13:56,DELIVERED,East
O000049,C00697,2026-01-07 20:33:06,RETURNED,West
O000050,C00184,2025-01-05 11:54:48,DELIVERED,East
O000051,C00592,2025-06-03 01:28:53,SHIPPED,North
O000052,C00766,2025-11-21 04:32:06,SHIPPED,North
O000053,C00220,2026-04-04 08:31:02,RETURNED,North
O000054,C00165,2025-07-19 01:53:45,PLACED,South
O000055,C00483,2025-11-02 05:28:42,PLACED,East
O000056,C00228,2024-07-10 05:31:43,CANCELLED,West
O000057,C00629,2025-10-17 01:03:53,RETURNED,North
O000058,C00969,2026-05-27 00:16:14,CANCELLED,West
O000059,C00011,2025-02-28 07:02:18,RETURNED,East
O000060,,2025-10-13 21:45:00,RETURNED,South
O000061,C00630,2026-04-06 23:18:18,SHIPPED,North
O000062,C01000,2026-06-16 05:11:24,CANCELLED,East
O000063,C00686,2025-12-27 10:35:30,RETURNED,North
O000064,C00755,2025-11-15 03:48:14,RETURNED,East
O000065,C00744,2024-12-25 13:18:32,DELIVERED,East
O000066,C00987,2025-06-26 21:19:33,SHIPPED,West
O000067,C00953,29-12-2025 22:03:06,SHIPPED,West
O000068,C00519,2026-02-07 22:00:11,DELIVERED,East
O000069,C00970,2025-03-19 09:29:40,DELIVERED,East
O000070,C00711,2026-05-24 22:15:14,CANCELLED,South
O000071,C00776,2026-05-26 16:12:15,CANCELLED,North
O000072,C00494,2025-06-20 17:48:42,SHIPPED,South
O000073,C00820,2025-10-31 20:21:15,RETURNED,North
O000074,C00718,2025-11-30 21:57:51,PLACED,West
O000075,C00690,2024-09-19 07:48:44,RETURNED,South
O000076,C00488,2025-04-15 01:49:33,RETURNED,East
O000077,C00188,2025-09-24 11:21:02,SHIPPED,West
O000078,C00755,2025-12-10 00:05:44,DELIVERED,South
O000079,C00235,2026-04-04 08:36:59,RETURNED,East
O000080,C00160,2026-04-09 00:23:05,PLACED,West
O000081,,2026-02-01 06:29:37,PLACED,West
O000082,C00381,2025-12-13 10:54:31,RETURNED,East
O000083,C00503,2024-07-31 03:13:19,RETURNED,East
O000084,C00408,2025-07-06 16:03:14,PLACED,West
O000085,C00490,2024-09-09 13:29:20,DELIVERED,West
O000086,C00882,2026-03-07 23:06:12,PLACED,West
O000087,C00324,05-07-2026 17:24:26,SHIPPED,West
O000088,C00595,2026-06-29 02:07:52,DELIVERED,South
O000089,C00562,2025-06-13 22:26:15,RETURNED,East
O000090,C00375,2026-04-23 18:04:32,CANCELLED,East
O000091,C00374,2026-06-05 14:10:13,SHIPPED,South
O000092,C00590,2025-06-25 03:49:05,DELIVERED,South
O000093,C00569,2025-08-06 21:24:03,SHIPPED,South
O000094,C00485,2025-01-01 17:04:16,CANCELLED,South
O000095,C00915,2024-11-09 10:37:14,DELIVERED,West
O000096,C00308,2026-05-28 16:06:18,PLACED,West
O000097,C00102,2025-12-01 05:08:22,DELIVERED,West
O000098,C00860,2024-09-22 23:42:52,DELIVERED,East
O000099,C00370,2026-07-03 13:48:26,DELIVERED,East
O000100,C00021,2024-07-29 06:58:23,RETURNED,South
O000101,C00591,2026-05-17 13:30:49,SHIPPED,East
O000102,C00364,2025-03-03 10:43:33,CANCELLED,North
O000103,C00391,2025-04-14 01:49:48,SHIPPED,South
O000104,C00656,2025-01-28 17:46:12,RETURNED,West
O000105,C00870,2025-12-15 06:54:05,DELIVERED,South
O000106,C00322,2025-11-06 09:28:58,DELIVERED,West
O000107,C00278,2026-06-02 23:58:48,DELIVERED,West
O000108,C00424,2025-11-09 19:19:49,SHIPPED,South
O000109,C00678,2025-11-06 01:28:59,PLACED,South
O000110,C00171,2026-05-12 23:38:19,CANCELLED,North
O000111,C00027,2025-10-13 17:44:00,PLACED,North
O000112,C00269,2025-07-02 07:27:21,CANCELLED,East
O000113,C00235,2026-02-09 01:42:15,SHIPPED,South
O000114,C00540,08-03-2025 01:10:49,DELIVERED,East
O000115,C00885,2024-12-18 10:20:02,RETURNED,East
O000116,C00562,2025-09-01 16:20:13,RETURNED,South
O000117,C00606,2026-05-13 19:07:18,RETURNED,West
O000118,C00537,2024-08-24 04:22:55,DELIVERED,West
O000119,C00553,2025-03-15 15:56:25,DELIVERED,East
O000120,C00423,2026-05-03 19:17:02,PLACED,South
O000121,C00353,2026-01-01 16:01:33,CANCELLED,West
O000122,,2025-12-19 13:30:54,DELIVERED,South
O000123,,2025-10-28 14:52:34,CANCELLED,West
O000124,C00405,2026-02-01 10:20:58,CANCELLED,West
O000125,C00226,2026-06-13 18:28:00,SHIPPED,East
O000126,C00292,2025-05-23 03:16:59,DELIVERED,West
O000127,C00193,2024-12-25 09:57:24,DELIVERED,North
O000128,C00653,2025-01-13 04:58:53,RETURNED,West
O000129,C00193,2025-02-05 11:55:52,RETURNED,North
O000130,C00191,2024-09-27 07:22:32,SHIPPED,West
O000131,,2025-03-13 11:33:27,PLACED,West
O000132,C00223,2025-09-13 12:50:43,CANCELLED,East
O000133,C00475,2024-11-22 09:20:16,PLACED,South
O000134,C00058,2026-05-27 01:29:50,RETURNED,West
O000135,C00186,2025-08-30 09:24:33,CANCELLED,North
O000136,C00125,2024-10-09 00:29:33,CANCELLED,West
O000137,C00254,2025-02-21 20:33:48,CANCELLED,North
O000138,C00534,2025-04-11 16:04:08,CANCELLED,East
O000139,C00959,2025-12-28 05:57:41,PLACED,North
O000140,C00260,2025-02-19 23:26:53,DELIVERED,North
O000141,C00885,2025-09-11 23:18:56,SHIPPED,West
O000142,,2024-11-23 15:09:52,RETURNED,North
O000143,C00406,17-04-2025 11:27:06,PLACED,West
O000144,C00705,2025-05-13 10:44:58,PLACED,South
O000145,C00162,2026-01-22 08:23:50,DELIVERED,North
O000146,C00062,2026-02-10 12:22:33,RETURNED,North
O000147,C00129,2026-05-21 03:47:54,RETURNED,East
O000148,C00825,2024-10-08 05:01:51,PLACED,West
O000149,C00367,2025-11-04 19:05:26,PLACED,West
O000150,C00724,2025-09-12 11:52:18,CANCELLED,South
O000151,C00581,2024-09-23 19:17:02,CANCELLED,East
O000152,C00889,2024-07-14 15:45:34,RETURNED,South
O000153,C00071,2026-03-22 13:52:21,DELIVERED,East
O000154,,2025-02-23 17:20:15,CANCELLED,South
O000155,,2026-02-24 02:59:06,RETURNED,South
O000156,C00329,2025-02-09 18:26:19,RETURNED,West
O000157,C00195,2024-12-14 20:23:41,RETURNED,South
O000158,C00628,2025-11-16 15:46:11,DELIVERED,North
O000159,C00099,2024-10-23 15:15:41,SHIPPED,South
O000160,,2025-01-30 22:58:40,SHIPPED,North
O000161,C00033,2026-01-04 15:46:01,CANCELLED,East
O000162,C00051,2026-03-20 05:09:57,PLACED,North
O000163,C00953,2026-03-04 14:24:32,PLACED,West
O000164,C00821,2024-08-02 00:46:15,CANCELLED,East
O000165,C00814,2025-02-26 19:12:01,DELIVERED,North
O000166,C00752,2025-07-09 22:07:14,SHIPPED,North
O000167,C00104,2025-11-22 22:52:31,SHIPPED,South
O000168,C00539,2025-01-23 16:42:34,SHIPPED,West
O000169,C00765,2026-03-19 03:36:05,DELIVERED,West
O000170,C00720,2025-08-31 05:16:17,SHIPPED,South
O000171,C00564,2025-10-11 22:24:40,SHIPPED,West
O000172,C00956,2024-12-12 12:18:30,DELIVERED,East
O000173,C00423,2025-02-05 21:01:23,DELIVERED,South
O000174,C00577,2026-06-13 22:48:34,RETURNED,East
O000175,C00369,2024-08-19 21:44:41,CANCELLED,North
O000176,,2026-02-19 18:53:12,PLACED,South
O000177,C00912,2024-10-27 11:46:23,SHIPPED,South
O000178,C00877,2025-12-13 12:40:25,DELIVERED,South
O000179,,2026-03-19 10:37:33,SHIPPED,East
O000180,C00376,2026-05-21 12:42:00,DELIVERED,East
O000181,C00095,2024-12-19 08:31:13,SHIPPED,North
O000182,C00741,2025-12-27 09:03:30,CANCELLED,North
O000183,C00610,2026-05-13 07:01:52,RETURNED,West
O000184,C00081,2026-01-25 19:48:34,DELIVERED,East
O000185,C00901,2026-03-25 19:18:19,PLACED,South
O000186,C00766,2025-12-21 07:01:08,PLACED,West
O000187,C00056,2025-02-11 10:22:46,RETURNED,South
O000188,C00335,2026-02-23 07:04:22,PLACED,West
O000189,C00995,2026-05-05 10:00:55,RETURNED,North
O000190,C00228,2024-11-01 05:34:12,SHIPPED,South
O000191,C00345,2024-07-23 16:45:08,PLACED,West
O000192,C00269,2025-04-20 12:01:59,SHIPPED,South
O000193,C00493,2025-05-12 12:38:30,RETURNED,South
O000194,C00575,2025-06-18 18:28:17,SHIPPED,South
O000195,C00074,2025-03-19 09:01:29,RETURNED,North
O000196,C00116,2025-04-19 19:51:14,DELIVERED,South
O000197,C00329,2024-08-29 09:50:27,DELIVERED,South
O000198,C00359,2025-12-20 19:47:01,CANCELLED,South
O000199,,2025-01-30 04:56:32,SHIPPED,East
O000200,C00160,2026-05-13 05:22:55,PLACED,North
O000201,C00249,2025-12-02 02:10:17,DELIVERED,North
O000202,C00352,2025-08-12 06:07:10,CANCELLED,West
O000203,C00024,2024-09-17 00:49:50,SHIPPED,South
O000204,C00560,2025-03-01 04:41:24,CANCELLED,South
O000205,C00712,05-02-2026 22:58:03,RETURNED,North
O000206,C00262,2026-04-01 10:25:57,RETURNED,East
O000207,C00055,2024-08-16 11:32:04,PLACED,West
O000208,C00677,2026-05-21 15:11:55,DELIVERED,North
O000209,C00020,2025-02-15 01:33:01,CANCELLED,South
O000210,C00390,2025-10-29 03:23:58,DELIVERED,West
O000211,C00888,2025-09-02 13:07:02,SHIPPED,West
O000212,C00575,26-05-2025 17:33:52,SHIPPED,East
O000213,C00342,2025-06-25 08:36:26,PLACED,East
O000214,C00701,2026-04-24 08:16:03,SHIPPED,East
O000215,C00832,2024-12-08 04:11:37,CANCELLED,North
O000216,C00967,2026-02-15 12:17:49,SHIPPED,East
O000217,C00919,2024-11-27 20:48:05,CANCELLED,South
O000218,C00428,2025-10-26 15:51:45,DELIVERED,East
O000219,C00460,2025-03-29 13:02:21,SHIPPED,South
O000220,C00884,2026-03-25 08:07:44,RETURNED,South
O000221,C00441,2024-09-20 09:58:17,SHIPPED,South
O000222,C00326,2026-02-01 17:40:00,PLACED,South
O000223,C00326,2026-03-27 00:16:00,PLACED,East
O000224,C00902,2025-04-09 00:15:58,DELIVERED,West
O000225,C00764,2026-06-25 18:54:18,DELIVERED,South
O000226,C00798,2025-11-16 06:22:44,PLACED,East
O000227,C00621,2024-11-07 19:52:27,SHIPPED,South
O000228,,2024-08-18 02:14:52,CANCELLED,South
O000229,C00515,2025-03-24 16:35:46,DELIVERED,South
O000230,C00873,2025-06-19 02:25:59,SHIPPED,South
O000231,,2026-05-29 07:03:54,PLACED,East
O000232,C00974,2024-10-01 15:56:21,SHIPPED,South
O000233,C00068,2025-07-19 11:01:58,CANCELLED,West
O000234,C00705,2025-03-12 04:50:30,SHIPPED,West
O000235,C00415,2025-05-20 20:13:12,CANCELLED,East
O000236,C00404,2024-10-24 11:17:57,RETURNED,North
O000237,C00534,2025-12-17 18:04:40,PLACED,South
O000238,C00532,2025-01-02 21:54:38,PLACED,West
O000239,C00529,2024-10-02 17:27:35,SHIPPED,East
O000240,C00451,2025-04-23 16:27:25,DELIVERED,West
O000241,C00171,2025-02-14 01:16:47,PLACED,South
O000242,C00475,2025-09-16 10:10:57,RETURNED,North
O000243,C00185,2024-11-10 22:37:48,RETURNED,South
O000244,C00403,2026-01-03 07:09:49,SHIPPED,West
O000245,C00605,2026-01-25 16:29:50,CANCELLED,North
O000246,C00257,2026-07-01 23:16:53,SHIPPED,North
O000247,C00094,2025-11-09 21:41:26,DELIVERED,North
O000248,C00537,2024-09-11 09:41:25,RETURNED,South
O000249,C00388,2025-06-11 15:34:36,SHIPPED,East
O000250,C00580,2026-02-25 14:52:31,SHIPPED,South
O000251,C00184,2025-04-13 01:28:50,DELIVERED,East
O000252,C00748,2025-10-12 20:26:18,SHIPPED,North
O000253,C00921,2025-05-29 02:16:15,RETURNED,East
O000254,C00013,2024-07-16 10:04:43,RETURNED,North
O000255,C00623,2024-10-01 03:19:49,RETURNED,West
O000256,C00465,2024-10-05 02:25:12,RETURNED,North
O000257,C00251,2025-10-19 11:33:04,RETURNED,South
O000258,C00051,2026-05-02 13:40:44,DELIVERED,North
O000259,C00149,2024-12-19 06:07:26,RETURNED,East
O000260,C00340,2025-09-09 15:03:07,CANCELLED,South
O000261,C00166,2026-06-29 04:24:19,RETURNED,South
O000262,C00990,2025-06-23 05:00:21,PLACED,North
O000263,C00787,2025-11-26 16:44:22,CANCELLED,North
O000264,C00777,2024-09-15 00:19:58,DELIVERED,West
O000265,C00138,2025-09-14 00:44:27,DELIVERED,West
O000266,C00538,2025-04-14 10:04:16,PLACED,North
O000267,C00586,2026-07-08 09:23:15,PLACED,West
O000268,C00742,2025-12-03 06:43:05,DELIVERED,West
O000269,C00624,2025-02-10 21:26:01,RETURNED,East
O000270,C00950,2024-10-07 10:15:21,RETURNED,West
O000271,C00505,2025-03-02 12:25:44,SHIPPED,East
O000272,,11-12-2025 08:06:40,PLACED,South
O000273,C00819,2026-03-29 18:31:52,PLACED,East
O000274,C00359,2025-08-04 14:03:24,PLACED,South
O000275,C00707,2025-04-30 00:43:51,DELIVERED,East
O000276,C00519,2025-12-01 19:44:29,PLACED,East
O000277,C00350,2025-04-21 14:31:22,PLACED,South
O000278,C00199,2026-02-25 02:02:13,CANCELLED,West
O000279,,2026-01-31 06:10:14,SHIPPED,West
O000280,C00914,2025-07-30 03:54:47,CANCELLED,West
O000281,C00951,2024-08-23 15:29:24,DELIVERED,East
O000282,C00569,2026-03-11 11:04:35,DELIVERED,East
O000283,C00068,2025-08-05 15:50:26,PLACED,East
O000284,C00385,2026-02-26 01:57:48,RETURNED,West
O000285,C00192,2025-10-26 23:58:26,DELIVERED,East
O000286,,2026-01-09 08:48:54,CANCELLED,South
O000287,C00381,2024-12-06 11:49:33,SHIPPED,East
O000288,C00180,2025-11-01 00:37:15,SHIPPED,North
O000289,C00455,2024-10-01 15:34:30,RETURNED,South
O000290,C00195,2026-03-29 14:54:05,RETURNED,East
O000291,C00795,2025-11-27 18:51:43,PLACED,South
O000292,C00211,2024-07-11 20:00:31,RETURNED,North
O000293,C00005,2025-05-30 15:20:34,RETURNED,North
O000294,C00342,2025-02-22 12:45:32,RETURNED,East
O000295,C00024,2024-08-05 12:54:35,SHIPPED,East
O000296,C00206,2025-09-01 00:42:55,DELIVERED,West
O000297,C00688,2025-10-27 16:27:02,DELIVERED,North
O000298,C00016,2024-09-10 02:18:18,PLACED,South
O000299,C00556,2025-01-11 12:04:20,SHIPPED,East
O000300,C00588,2026-01-09 01:06:37,RETURNED,East
O000301,C00554,2024-09-07 18:01:06,CANCELLED,North
O000302,C00109,2024-10-07 01:09:05,CANCELLED,South
O000303,C00722,2025-02-11 01:11:44,CANCELLED,East
O000304,C00320,2026-06-13 18:57:38,RETURNED,North
O000305,C00998,2024-11-10 07:08:08,RETURNED,South
O000306,C00096,2026-06-21 16:46:24,CANCELLED,North
O000307,C00467,2025-10-31 17:12:17,CANCELLED,West
O000308,C00238,2025-01-05 08:23:50,RETURNED,East
O000309,C00935,2024-08-10 16:02:08,DELIVERED,East
O000310,C00465,2026-05-29 19:53:15,PLACED,East
O000311,C00491,2026-04-29 18:01:33,DELIVERED,South
O000312,C00521,2025-02-07 06:21:47,PLACED,East
O000313,C00570,2025-08-02 02:17:51,RETURNED,West
O000314,C00411,2024-10-18 02:32:32,SHIPPED,South
O000315,C00998,2025-07-01 04:52:44,SHIPPED,West
O000316,C00804,2025-02-21 12:54:55,DELIVERED,South
O000317,C00178,2026-05-04 06:05:02,RETURNED,West
O000318,C00118,2026-07-06 02:02:24,RETURNED,North
O000319,C00842,2025-09-23 17:47:22,CANCELLED,North
O000320,C00613,2025-07-15 22:05:44,CANCELLED,East
O000321,C00507,2025-11-22 11:08:05,SHIPPED,South
O000322,C00909,2025-11-03 23:21:14,PLACED,South
O000323,C00677,2024-08-09 14:57:11,CANCELLED,West
O000324,C00201,2024-08-03 18:40:22,DELIVERED,East
O000325,C00941,2024-10-19 10:18:52,DELIVERED,North
O000326,,2026-03-25 07:08:42,CANCELLED,South
O000327,C00873,2024-12-12 03:40:50,RETURNED,North
O000328,C00001,2024-10-13 23:32:28,DELIVERED,North
O000329,C00882,2025-08-15 05:18:29,CANCELLED,West
O000330,C00641,2025-09-13 05:31:43,CANCELLED,West
O000331,C00559,2025-01-26 13:50:21,SHIPPED,South
O000332,C00569,2025-12-22 12:58:45,CANCELLED,South
O000333,C00296,2025-05-12 05:14:07,SHIPPED,North
O000334,C00074,2025-08-13 14:21:09,CANCELLED,West
O000335,C00999,2025-01-14 08:41:24,CANCELLED,West
O000336,C00916,2025-10-25 14:06:28,CANCELLED,South
O000337,C00466,2024-11-04 05:54:27,CANCELLED,West
O000338,C00364,2025-06-06 02:13:54,PLACED,West
O000339,C00868,2026-05-29 01:24:27,DELIVERED,West
O000340,C00949,2025-11-14 03:11:38,PLACED,West
O000341,C00722,2026-05-25 17:47:38,PLACED,South
O000342,C00748,2024-10-20 13:57:18,DELIVERED,West
O000343,C00530,2024-12-03 18:56:38,PLACED,South
O000344,C00484,2025-10-10 19:57:30,PLACED,East
O000345,C00628,2025-01-20 17:39:24,PLACED,West
O000346,C00465,2025-10-13 10:13:26,DELIVERED,West
O000347,C00362,2025-10-22 12:30:56,DELIVERED,South
O000348,C00037,2025-12-11 19:58:37,DELIVERED,East
O000349,C00063,2025-08-23 16:10:28,RETURNED,North
O000350,C00673,2025-10-24 03:04:58,RETURNED,North
O000351,C00294,2025-07-16 12:46:16,PLACED,East
O000352,C00259,2024-11-04 18:35:42,DELIVERED,North
O000353,C00760,2026-02-28 02:00:11,RETURNED,South
O000354,C00675,2025-02-24 00:56:54,DELIVERED,South
O000355,C00497,2026-02-03 09:43:22,PLACED,East
O000356,C00087,2025-04-10 18:05:54,SHIPPED,West
O000357,C00771,2026-06-12 03:21:59,SHIPPED,West
O000358,C00744,2025-01-04 17:40:53,DELIVERED,North
O000359,C00658,2025-01-21 06:22:36,PLACED,South
O000360,C00476,2025-07-31 04:09:02,RETURNED,South
O000361,C00389,2025-11-19 13:52:00,DELIVERED,South
O000362,C00544,01-05-2025 02:09:52,CANCELLED,West
O000363,C00695,2025-03-05 12:48:30,PLACED,North
O000364,C00940,2024-09-10 22:31:23,CANCELLED,East
O000365,C00344,2026-05-03 03:07:28,DELIVERED,West
O000366,C00473,2026-01-27 07:26:14,RETURNED,South
O000367,C00533,2024-10-22 20:03:06,SHIPPED,East
O000368,,10-02-2026 22:31:50,PLACED,North
O000369,C00422,2025-01-23 20:06:53,CANCELLED,East
O000370,C00225,2024-09-17 11:49:41,PLACED,North
O000371,C00635,2026-06-23 10:32:07,SHIPPED,North
O000372,C00726,2024-12-17 06:37:22,RETURNED,South
O000373,C00385,2026-06-03 04:52:15,RETURNED,South
O000374,C00918,2026-01-30 17:10:51,DELIVERED,West
O000375,C00677,2024-10-06 03:52:29,DELIVERED,West
O000376,C00709,2025-07-27 12:35:22,DELIVERED,East
O000377,C00166,2026-04-08 11:43:32,PLACED,West
O000378,C00398,2025-09-11 01:42:14,DELIVERED,South
O000379,C00452,2026-02-17 07:04:08,SHIPPED,West
O000380,C00183,2024-09-15 17:38:31,RETURNED,West
O000381,C00224,2025-03-19 19:25:18,CANCELLED,East
O000382,,2025-08-29 21:28:17,DELIVERED,West
O000383,C00020,2025-01-29 22:30:07,PLACED,North
O000384,C00681,2025-01-21 22:39:31,DELIVERED,West
O000385,,2024-09-18 07:27:03,CANCELLED,West
O000386,C00447,2024-08-11 23:32:24,PLACED,South
O000387,C00004,2025-02-25 05:37:51,CANCELLED,North
O000388,C00581,2026-01-08 04:08:45,DELIVERED,East
O000389,C00411,2024-11-16 22:08:02,PLACED,East
O000390,C00548,2026-02-16 18:33:57,CANCELLED,East
O000391,C00664,2025-11-15 01:44:36,CANCELLED,South
O000392,C00307,2026-02-04 02:36:41,DELIVERED,West
O000393,C00087,2025-08-14 22:18:51,SHIPPED,South
O000394,C00037,2026-04-13 05:50:31,RETURNED,South
O000395,C00501,2025-04-28 01:45:34,DELIVERED,West
O000396,C00547,2025-09-13 14:46:03,PLACED,North
O000397,C00348,2025-01-13 04:24:16,PLACED,West
O000398,C00122,2025-11-21 12:50:07,RETURNED,West
O000399,C00963,2025-12-10 22:32:53,SHIPPED,South
O000400,C00948,2025-10-31 06:44:54,CANCELLED,North
O000401,C00483,2024-10-20 03:53:43,SHIPPED,South
O000402,C00015,2025-08-26 12:52:26,DELIVERED,North
O000403,C00468,2025-01-19 06:04:17,PLACED,North
O000404,C00117,2026-05-09 20:20:55,SHIPPED,North
O000405,C00824,2025-10-17 20:42:15,CANCELLED,East
O000406,C00124,2025-04-04 07:58:30,SHIPPED,East
O000407,C00857,2026-01-26 21:55:16,PLACED,South
O000408,C00344,2025-11-15 08:48:52,CANCELLED,South
O000409,C00714,2025-05-09 11:07:10,SHIPPED,North
O000410,C00137,2025-06-07 08:21:56,RETURNED,West
O000411,C00797,2025-05-24 14:18:25,PLACED,North
O000412,C00008,2025-03-23 12:51:13,RETURNED,East
O000413,C00427,2025-06-15 07:05:42,CANCELLED,South
O000414,C00212,2025-02-02 11:03:19,CANCELLED,West
O000415,C00245,2026-06-03 19:28:58,PLACED,South
O000416,C00735,2025-07-23 05:29:11,DELIVERED,East
O000417,,2025-12-14 18:29:09,PLACED,North
O000418,C00634,2026-05-13 18:29:55,RETURNED,South
O000419,C00476,2024-12-22 01:15:11,DELIVERED,North
O000420,C00199,2025-10-15 06:19:22,CANCELLED,West
O000421,C00181,2024-09-09 10:54:04,PLACED,East
O000422,C00292,2025-02-16 05:22:53,RETURNED,West
O000423,C00045,2026-01-21 20:04:53,RETURNED,South
O000424,C00162,2026-03-17 09:06:40,PLACED,North
O000425,C00917,2025-10-14 13:31:03,RETURNED,East
O000426,C00430,2024-09-01 23:13:09,DELIVERED,South
O000427,C00798,2024-12-30 06:52:47,SHIPPED,West
O000428,C00891,2024-09-14 08:12:37,PLACED,West
O000429,C00600,2025-09-01 04:50:49,SHIPPED,South
O000430,C00951,2024-09-07 17:34:35,DELIVERED,South
O000431,C00469,2025-02-01 18:04:15,DELIVERED,South
O000432,C00344,2026-05-17 23:46:44,PLACED,East
O000433,C00140,2026-02-18 10:13:15,CANCELLED,South
O000434,C00779,2024-07-15 18:09:53,RETURNED,South
O000435,C00809,2026-05-31 17:30:22,SHIPPED,South
O000436,C00089,2025-11-14 12:05:22,SHIPPED,West
O000437,C00858,20-05-2026 01:47:10,CANCELLED,South
O000438,C00254,2024-10-15 14:28:03,RETURNED,South
O000439,C00936,06-07-2025 13:57:09,PLACED,North
O000440,C00482,2025-11-20 09:53:54,CANCELLED,West
O000441,C00491,2025-11-14 07:33:02,PLACED,West
O000442,C00508,2025-07-31 20:36:57,PLACED,West
O000443,C00973,2024-10-07 00:42:13,SHIPPED,North
O000444,C00017,2024-07-18 02:21:48,CANCELLED,North
O000445,C01000,2024-11-23 20:53:07,CANCELLED,South
O000446,C00809,2026-03-07 06:19:52,PLACED,North
O000447,C00395,2024-07-13 06:28:48,PLACED,East
O000448,C00437,2025-05-14 09:11:49,RETURNED,South
O000449,C00807,2025-08-02 06:11:49,DELIVERED,North
O000450,C00528,2025-03-17 00:06:29,PLACED,North
O000451,C00393,2026-07-04 04:53:33,DELIVERED,East
O000452,C00180,2025-11-02 22:03:28,RETURNED,South
O000453,C00142,2026-05-11 07:42:55,PLACED,West
O000454,C00756,2026-07-07 19:36:11,SHIPPED,South
O000455,C00329,2026-05-29 04:55:46,CANCELLED,East
O000456,C00056,2025-11-19 15:35:59,CANCELLED,North
O000457,C00482,2024-08-07 21:14:08,RETURNED,East
O000458,C00463,2025-05-31 16:13:23,PLACED,South
O000459,C00914,2024-11-08 01:17:56,CANCELLED,South
O000460,C00296,2026-05-18 10:14:02,SHIPPED,East
O000461,C00115,2026-01-16 19:40:33,SHIPPED,North
O000462,C00301,2026-04-29 03:38:03,SHIPPED,West
O000463,C00356,2024-11-12 15:25:45,PLACED,East
O000464,C00194,2025-04-02 01:37:54,SHIPPED,East
O000465,C00422,2024-10-13 07:57:07,DELIVERED,West
O000466,C00608,2025-03-23 00:24:30,RETURNED,West
O000467,C00469,2024-08-14 03:08:25,DELIVERED,South
O000468,C00809,2025-07-04 21:40:36,DELIVERED,North
O000469,C00152,2024-11-09 11:30:49,SHIPPED,South
O000470,C00729,2026-06-16 07:29:01,SHIPPED,South
O000471,C00166,2025-03-11 19:35:55,DELIVERED,South
O000472,C00452,2025-11-15 23:40:49,RETURNED,North
O000473,C00682,2026-03-07 12:05:56,DELIVERED,West
O000474,C00553,2026-03-21 10:05:08,PLACED,North
O000475,C00415,2026-03-26 13:19:00,CANCELLED,East
O000476,,2025-02-04 19:56:47,RETURNED,East
O000477,C00663,2025-06-25 20:34:51,DELIVERED,South
O000478,C00819,2025-01-17 08:09:16,CANCELLED,East
O000479,C00706,2024-07-09 13:50:29,PLACED,South
O000480,C00695,2025-10-12 00:09:12,CANCELLED,South
O000481,C00457,2025-04-21 11:27:13,RETURNED,South
O000482,C00598,2026-05-13 05:15:07,DELIVERED,South
O000483,C00024,2026-05-17 15:21:50,PLACED,West
O000484,C00200,2026-06-08 13:45:51,RETURNED,North
O000485,C00931,2025-07-19 12:40:40,CANCELLED,East
O000486,C00396,2026-04-21 13:38:37,DELIVERED,East
O000487,C00457,2026-05-22 05:54:24,CANCELLED,West
O000488,C00823,2026-04-20 21:26:44,CANCELLED,West
O000489,C00143,2026-03-19 15:34:01,SHIPPED,South
O000490,C00311,2024-08-18 22:40:33,DELIVERED,North
O000491,C00956,2024-07-12 05:57:03,PLACED,North
O000492,C00420,2025-06-09 05:22:26,SHIPPED,West
O000493,C00728,2025-02-10 21:12:40,SHIPPED,South
O000494,C00853,2024-09-24 05:25:10,PLACED,East
O000495,C00855,2025-03-20 09:49:25,CANCELLED,South
O000496,C00028,2025-12-17 16:01:47,DELIVERED,West
O000497,C00128,2025-04-27 15:32:08,CANCELLED,South
O000498,C00504,2024-07-14 10:03:55,PLACED,North
O000499,C00784,2025-05-18 15:18:59,PLACED,East
O000500,C00596,2024-11-29 05:55:30,DELIVERED,West
O000501,C00998,2025-07-29 10:32:16,RETURNED,North
O000502,C00866,2026-04-25 06:54:58,SHIPPED,East
O000503,C00473,2025-05-03 23:12:00,SHIPPED,North
O000504,C00280,2026-05-05 22:51:41,DELIVERED,North
O000505,C00297,2024-07-12 23:49:17,PLACED,South
O000506,C00785,2026-01-21 00:15:25,RETURNED,South
O000507,C00557,2025-01-06 15:54:47,DELIVERED,East
O000508,C00702,2025-06-16 18:44:02,RETURNED,East
O000509,C00844,2025-04-07 08:53:05,DELIVERED,East
O000510,C00798,2025-03-31 04:50:04,SHIPPED,North
O000511,C00224,2026-04-20 16:10:37,SHIPPED,North
O000512,C00428,2025-08-03 19:03:29,SHIPPED,North
O000513,C00492,2025-01-20 19:05:39,SHIPPED,West
O000514,C00912,2026-06-30 15:49:03,DELIVERED,South
O000515,C00727,2025-10-30 08:15:01,PLACED,South
O000516,C00132,2025-05-24 21:15:41,SHIPPED,East
O000517,C00129,2024-10-18 02:52:54,CANCELLED,North
O000518,,2026-01-04 16:18:47,CANCELLED,North
O000519,C00202,2024-07-12 04:31:58,RETURNED,North
O000520,C00481,2026-04-14 09:06:20,PLACED,East
O000521,,2025-12-08 00:21:55,PLACED,South
O000522,C00602,2024-09-26 18:48:27,DELIVERED,North
O000523,C00093,2025-02-01 01:23:48,DELIVERED,East
O000524,C00361,2024-10-13 14:17:24,RETURNED,South
O000525,C00518,2025-05-11 12:25:06,RETURNED,North
O000526,C00542,2025-03-06 21:20:49,DELIVERED,South
O000527,C00924,31-07-2024 00:46:53,PLACED,South
O000528,C00943,2025-11-06 14:15:14,DELIVERED,South
O000529,C00451,2026-05-31 17:08:26,DELIVERED,West
O000530,C00435,2026-06-08 23:39:01,PLACED,East
O000531,C00127,2026-06-25 22:54:18,CANCELLED,East
O000532,C00722,2024-10-02 17:16:49,PLACED,East
O000533,C00506,2025-06-30 04:46:24,RETURNED,East
O000534,C00704,2025-07-04 22:43:26,RETURNED,West
O000535,C00298,2025-11-17 22:32:51,PLACED,West
O000536,C00962,2024-10-09 00:46:56,CANCELLED,North
O000537,C00406,2026-01-07 14:25:06,PLACED,North
O000538,C00147,2026-01-28 23:10:23,PLACED,South
O000539,C00067,2025-04-26 01:06:19,SHIPPED,West
O000540,C00126,2025-12-20 06:27:32,CANCELLED,East
O000541,C00784,2025-12-31 21:11:10,DELIVERED,West
O000542,C00365,2026-03-03 01:22:58,CANCELLED,West
O000543,C00524,2024-10-11 22:37:20,PLACED,North
O000544,C00257,2026-06-07 12:13:56,SHIPPED,North
O000545,C00102,2026-02-07 00:08:02,CANCELLED,North
O000546,C00996,2024-10-08 01:48:31,DELIVERED,South
O000547,C00311,2025-03-16 07:37:37,PLACED,West
O000548,C00812,2024-07-17 21:57:27,CANCELLED,West
O000549,C00517,2025-11-19 21:54:12,RETURNED,North
O000550,C00976,2024-08-14 23:00:29,PLACED,West
O000551,C00461,2026-03-06 02:57:11,CANCELLED,North
O000552,C00034,2025-05-17 19:21:08,DELIVERED,South
O000553,C00504,2025-09-17 02:30:37,CANCELLED,West
O000554,C00783,2024-07-13 19:25:46,RETURNED,West
O000555,C00488,2025-06-23 17:11:03,PLACED,West
O000556,C00270,2025-01-30 02:28:31,RETURNED,East
O000557,C00785,2024-09-06 07:02:07,PLACED,North
O000558,C00132,2025-05-17 06:51:00,RETURNED,North
O000559,C00784,2025-10-02 02:22:05,PLACED,West
O000560,C00354,2025-12-22 15:30:24,PLACED,South
O000561,C00254,2024-11-21 10:36:53,PLACED,North
O000562,C00890,2025-01-29 07:27:43,PLACED,East
O000563,C00039,2024-09-29 23:08:45,RETURNED,West
O000564,,2025-01-16 10:45:54,PLACED,East
O000565,C00387,2025-12-01 23:29:27,PLACED,West
O000566,C00103,2025-11-06 16:27:23,CANCELLED,East
O000567,C00171,2025-05-17 10:28:44,CANCELLED,South
O000568,C00509,2025-06-19 02:43:56,PLACED,South
O000569,C00295,2026-01-30 16:53:17,RETURNED,West
O000570,C00824,2024-09-21 05:33:18,PLACED,North
O000571,C00607,2025-12-23 12:41:14,RETURNED,West
O000572,C00438,2025-09-27 08:11:25,DELIVERED,East
O000573,C00444,2024-11-22 18:19:30,CANCELLED,West
O000574,C00258,2026-03-24 09:52:29,RETURNED,South
O000575,,2025-10-10 08:22:56,SHIPPED,West
O000576,C00219,2024-10-24 14:03:55,CANCELLED,East
O000577,C00960,2024-10-03 22:32:18,CANCELLED,North
O000578,C00535,2025-04-27 01:46:28,SHIPPED,South
O000579,C00765,2025-01-23 23:52:53,CANCELLED,West
O000580,C00327,2024-11-25 07:49:57,SHIPPED,West
O000581,C00274,2024-10-22 17:56:20,DELIVERED,South
O000582,C00416,2024-07-20 20:18:03,PLACED,South
O000583,C00817,2024-11-30 18:43:29,RETURNED,West
O000584,C00433,2026-03-31 08:02:31,SHIPPED,East
O000585,,2025-04-11 18:49:51,DELIVERED,South
O000586,C00660,2025-07-26 10:12:48,CANCELLED,North
O000587,C00057,2025-12-01 09:31:11,RETURNED,East
O000588,C00888,2026-06-23 21:44:25,DELIVERED,North
O000589,C00407,2024-12-16 22:43:40,SHIPPED,South
O000590,C00115,2025-05-15 04:25:41,PLACED,East
O000591,C00509,2024-08-21 18:13:29,PLACED,East
O000592,C00338,2025-05-15 21:54:23,SHIPPED,West
O000593,C00224,2024-08-14 16:16:12,DELIVERED,West
O000594,C00419,2024-09-26 08:06:04,CANCELLED,East
O000595,C00717,2025-03-30 12:42:47,CANCELLED,West
O000596,C00700,2026-05-27 18:52:20,SHIPPED,East
O000597,C00487,2025-12-09 17:50:52,PLACED,North
O000598,C00862,2025-01-04 08:24:23,PLACED,South
O000599,C00260,2026-04-22 19:14:37,DELIVERED,North
O000600,C00548,2024-11-17 17:03:11,CANCELLED,North
O000601,C00932,2024-07-08 08:03:59,DELIVERED,East
O000602,C00093,2025-11-02 09:01:33,DELIVERED,South
O000603,C00881,2025-02-27 21:30:07,DELIVERED,West
O000604,,2025-02-01 08:42:39,CANCELLED,West
O000605,C00755,2025-01-28 14:17:24,CANCELLED,North
O000606,C00845,2025-09-23 23:55:13,PLACED,East
O000607,C00431,2025-05-18 17:08:05,DELIVERED,West
O000608,,2025-01-08 05:13:31,SHIPPED,West
O000609,C00811,01-07-2025 19:40:02,SHIPPED,East
O000610,C00322,2025-03-09 03:08:41,SHIPPED,South
O000611,C00868,2024-09-27 09:56:13,DELIVERED,West
O000612,C00490,2025-11-08 14:20:16,SHIPPED,East
O000613,C00819,2025-11-18 20:01:27,DELIVERED,South
O000614,C00403,2026-01-21 18:04:10,RETURNED,South
O000615,C00022,2024-10-11 03:10:10,RETURNED,South
O000616,C00929,2025-03-28 07:59:18,DELIVERED,South
O000617,C00051,2026-02-19 15:49:11,DELIVERED,South
O000618,C00092,2026-01-01 15:23:54,RETURNED,North
O000619,C00015,2025-09-11 03:10:37,CANCELLED,West
O000620,C00122,2025-09-22 16:13:22,DELIVERED,East
O000621,C00765,2024-12-28 23:35:39,SHIPPED,South
O000622,C00844,2025-01-25 12:26:24,CANCELLED,South
O000623,C00419,07-09-2025 18:48:54,DELIVERED,South
O000624,C00633,2024-09-09 15:57:57,RETURNED,West
O000625,,2024-09-23 15:25:12,DELIVERED,West
O000626,C00704,2025-10-10 19:47:25,CANCELLED,East
O000627,C00075,2025-09-20 13:45:19,DELIVERED,South
O000628,C00483,2024-08-06 22:08:44,RETURNED,North
O000629,C00006,2026-06-15 06:58:14,DELIVERED,West
O000630,C00688,2026-04-14 17:15:35,RETURNED,North
O000631,C00595,2026-02-25 01:05:44,CANCELLED,East
O000632,C00899,2024-11-25 20:58:59,RETURNED,West
O000633,C00146,2025-05-29 13:41:34,SHIPPED,West
O000634,C00893,2024-09-17 23:56:04,DELIVERED,West
O000635,C00290,2026-05-26 22:10:19,DELIVERED,East
O000636,C00447,2025-10-03 02:51:48,CANCELLED,South
O000637,C00570,2025-02-13 04:00:38,CANCELLED,North
O000638,C00194,2025-06-19 08:05:30,PLACED,West
O000639,C00267,2026-01-14 19:56:50,PLACED,West
O000640,C00042,2025-08-01 16:44:44,RETURNED,West
O000641,C00469,2024-10-28 04:46:50,SHIPPED,North
O000642,C00358,2024-10-09 07:45:32,SHIPPED,South
O000643,C00768,2025-05-09 10:34:21,RETURNED,South
O000644,C00598,09-12-2025 18:09:19,RETURNED,South
O000645,C00427,2026-04-20 05:32:24,CANCELLED,North
O000646,C00909,2026-01-13 15:19:15,PLACED,West
O000647,C00383,2026-03-17 23:52:48,DELIVERED,South
O000648,C00030,2025-08-21 06:23:19,CANCELLED,West
O000649,C00644,2025-03-18 16:03:38,PLACED,East
O000650,,2025-04-01 07:25:04,CANCELLED,East
O000651,C00971,2025-10-11 01:09:19,RETURNED,South
O000652,C00217,2024-10-01 17:22:42,DELIVERED,East
O000653,C00818,2025-05-22 12:37:06,RETURNED,West
O000654,C00095,2025-06-25 15:15:00,CANCELLED,North
O000655,C00022,2025-07-25 13:01:41,CANCELLED,East
O000656,C00663,2026-06-03 16:27:57,PLACED,East
O000657,C00503,2026-02-05 16:05:24,DELIVERED,South
O000658,C00368,2024-11-06 21:17:50,RETURNED,South
O000659,C00502,2025-01-24 04:54:47,DELIVERED,West
O000660,C00093,2026-06-14 16:11:14,RETURNED,South
O000661,C00445,2025-02-04 12:47:13,RETURNED,East
O000662,C00997,2026-06-06 03:20:55,SHIPPED,West
O000663,C00540,2024-08-21 08:28:16,DELIVERED,West
O000664,C00448,2026-06-18 07:37:05,DELIVERED,South
O000665,C00131,2024-11-23 21:00:24,SHIPPED,West
O000666,C00303,2026-02-22 22:40:52,PLACED,North
O000667,C00523,2025-07-04 13:13:38,RETURNED,East
O000668,C00364,2025-07-31 21:40:36,RETURNED,North
O000669,C00117,2025-07-18 00:53:26,SHIPPED,West
O000670,C00047,2024-08-31 17:16:52,DELIVERED,East
O000671,C00602,2025-05-23 17:00:18,CANCELLED,East
O000672,C00350,2025-07-14 23:05:40,SHIPPED,South
O000673,C00190,2025-08-22 20:07:34,DELIVERED,North
O000674,C00445,19-04-2025 00:17:31,PLACED,North
O000675,C00176,2025-09-24 12:07:55,CANCELLED,West
O000676,C00311,2024-12-06 02:22:24,DELIVERED,West
O000677,C00824,2024-07-10 13:47:37,PLACED,South
O000678,C00115,2025-08-29 16:54:42,SHIPPED,North
O000679,C00215,2025-09-13 11:18:26,SHIPPED,West
O000680,C00863,2024-07-14 10:01:23,SHIPPED,North
O000681,C00309,2026-05-17 06:55:08,CANCELLED,North
O000682,C00120,2025-07-17 12:45:30,CANCELLED,West
O000683,,2025-07-10 23:21:43,SHIPPED,South
O000684,C00302,2025-12-16 07:31:08,PLACED,East
O000685,C00009,2025-01-13 00:26:06,CANCELLED,West
O000686,C00869,2026-03-22 15:51:17,RETURNED,East
O000687,C00038,2025-02-09 10:22:36,RETURNED,West
O000688,C00238,2025-01-20 02:08:26,CANCELLED,East
O000689,C00567,2024-10-02 22:44:03,CANCELLED,West
O000690,C00120,2024-12-18 12:29:40,DELIVERED,West
O000691,C00715,2025-08-01 16:53:24,SHIPPED,West
O000692,C00353,2025-02-06 03:07:38,RETURNED,East
O000693,C00944,2025-10-18 04:06:00,CANCELLED,South
O000694,C00905,2026-05-27 02:10:08,CANCELLED,East
O000695,C00816,2025-01-26 20:09:52,SHIPPED,South
O000696,C00290,2024-10-13 01:51:41,CANCELLED,South
O000697,C00178,2026-04-06 22:23:58,PLACED,West
O000698,C00966,2024-08-14 13:53:39,SHIPPED,North
O000699,C00019,2026-06-23 19:58:30,SHIPPED,South
O000700,C00848,2026-06-30 18:44:44,PLACED,East
O000701,C00441,2024-12-08 07:48:21,RETURNED,South
O000702,C00499,2024-09-30 19:34:03,DELIVERED,North
O000703,C00789,2025-10-24 18:24:44,SHIPPED,North
O000704,C00724,2025-10-13 02:33:48,CANCELLED,North
O000705,C00999,2026-06-18 03:08:28,PLACED,North
O000706,C00520,2025-03-02 00:44:01,SHIPPED,East
O000707,C00161,2026-05-30 06:59:21,RETURNED,West
O000708,C00751,2026-04-14 16:17:45,DELIVERED,East
O000709,C00839,2025-01-16 19:39:41,CANCELLED,West
O000710,C00788,2024-10-13 13:05:06,CANCELLED,East
O000711,C00294,2026-04-25 03:51:43,DELIVERED,West
O000712,C00370,2025-02-08 08:38:03,RETURNED,West
O000713,C00807,2026-06-27 15:47:55,CANCELLED,West
O000714,C00920,2025-10-08 04:37:07,DELIVERED,North
O000715,C00454,15-07-2024 13:08:32,RETURNED,North
O000716,C00087,2025-03-24 14:49:51,SHIPPED,West
O000717,C00063,2025-12-23 13:02:14,SHIPPED,North
O000718,C00647,2025-01-28 06:03:29,RETURNED,East
O000719,C00430,2025-01-10 22:30:56,RETURNED,East
O000720,C00739,2024-07-19 08:50:14,PLACED,East
O000721,C00922,2025-10-31 02:26:50,CANCELLED,West
O000722,C00660,2026-04-02 23:42:48,RETURNED,West
O000723,C00715,2026-05-24 21:03:52,CANCELLED,South
O000724,C00903,2025-09-07 00:07:35,DELIVERED,West
O000725,C00743,2025-12-17 18:59:08,RETURNED,East
O000726,C00219,2025-11-22 14:22:46,RETURNED,East
O000727,C00776,29-05-2026 17:27:47,RETURNED,East
O000728,C00248,2025-01-11 22:19:22,CANCELLED,North
O000729,C00750,2025-10-08 09:25:41,RETURNED,East
O000730,,2025-09-22 09:41:57,PLACED,West
O000731,C00306,05-12-2024 12:57:05,DELIVERED,South
O000732,C00825,2025-05-26 22:50:38,RETURNED,South
O000733,C00359,2025-03-01 19:29:40,RETURNED,South
O000734,C00732,2024-12-03 21:40:27,PLACED,East
O000735,C00529,2025-10-11 00:02:01,DELIVERED,West
O000736,C00101,2026-03-26 20:35:43,CANCELLED,North
O000737,C00095,2025-04-22 19:44:43,CANCELLED,South
O000738,C00457,2025-05-29 18:42:31,CANCELLED,West
O000739,C00893,2025-12-23 01:22:58,CANCELLED,West
O000740,C00706,2025-05-20 21:39:35,CANCELLED,South
O000741,C00148,2024-10-24 07:11:40,CANCELLED,South
O000742,C00992,2025-06-22 20:23:22,PLACED,South
O000743,C00467,2025-07-05 05:37:26,RETURNED,East
O000744,C00944,2025-06-08 12:28:40,CANCELLED,North
O000745,C00124,2026-02-23 17:20:35,RETURNED,South
O000746,C00121,2024-11-13 14:09:23,DELIVERED,East
O000747,,2025-08-28 01:38:28,RETURNED,West
O000748,C00050,2026-05-28 01:07:08,DELIVERED,South
O000749,C00188,2024-11-16 17:28:24,PLACED,East
O000750,C00070,2025-01-29 23:20:06,RETURNED,East
O000751,C00580,2025-02-19 12:15:03,CANCELLED,West
O000752,C00855,2026-04-15 14:30:08,SHIPPED,West
O000753,C00780,2026-02-25 02:40:27,DELIVERED,North
O000754,C00820,2025-11-22 01:15:21,CANCELLED,South
O000755,C00922,2024-11-22 03:55:55,CANCELLED,East
O000756,C00662,2024-10-20 18:50:09,PLACED,East
O000757,C00575,2025-05-15 10:01:25,PLACED,South
O000758,C00979,2025-06-05 07:56:09,PLACED,South
O000759,C00769,2025-10-22 04:34:59,PLACED,South
O000760,,2025-04-27 23:10:58,SHIPPED,West
O000761,C00087,2025-12-19 00:52:19,CANCELLED,North
O000762,C00504,16-10-2024 05:35:45,CANCELLED,South
O000763,,2026-01-07 03:05:54,CANCELLED,East
O000764,C00094,2024-07-16 13:20:30,SHIPPED,East
O000765,C00148,2024-09-18 19:05:17,SHIPPED,East
O000766,C00976,2025-04-14 10:36:31,RETURNED,East
O000767,,2024-09-26 07:45:38,CANCELLED,North
O000768,C00328,2024-07-17 20:15:32,DELIVERED,West
O000769,C00965,2026-03-06 14:53:54,SHIPPED,South
O000770,C00771,2026-05-21 16:59:32,RETURNED,West
O000771,C00973,2024-10-12 11:58:13,CANCELLED,West
O000772,C00068,2026-01-21 12:00:12,SHIPPED,North
O000773,C00276,2025-01-19 11:05:44,PLACED,South
O000774,C00782,2026-05-24 13:43:38,DELIVERED,West
O000775,C00457,2025-09-18 23:13:19,SHIPPED,South
O000776,C00383,2026-02-06 18:39:17,SHIPPED,West
O000777,C00985,2024-07-14 19:24:00,PLACED,West
O000778,C00985,2026-02-06 05:41:10,SHIPPED,North
O000779,C00062,2025-08-08 03:14:39,RETURNED,East
O000780,C00860,2026-02-25 15:55:51,SHIPPED,East
O000781,C00047,2026-03-22 20:09:08,PLACED,East
O000782,C00092,2024-09-08 00:14:23,SHIPPED,East
O000783,C00900,2024-10-17 15:35:09,DELIVERED,East
O000784,C00651,2026-01-13 20:52:16,CANCELLED,East
O000785,C00252,2026-04-20 19:37:44,SHIPPED,West
O000786,C00983,23-02-2026 15:00:37,SHIPPED,North
O000787,C00624,2025-02-17 11:35:49,SHIPPED,West
O000788,C00570,2025-06-22 18:39:45,CANCELLED,North
O000789,C00807,2025-01-02 01:00:38,RETURNED,North
O000790,C00914,2025-08-08 23:30:55,PLACED,East
O000791,C00996,2025-01-19 07:35:32,DELIVERED,West
O000792,C00182,2025-08-09 01:01:52,PLACED,North
O000793,C00474,2024-07-23 10:28:39,PLACED,South
O000794,,2024-08-09 11:16:35,DELIVERED,South
O000795,C00093,2025-08-09 19:04:28,SHIPPED,South
O000796,C00506,2024-09-20 20:48:37,CANCELLED,South
O000797,C00008,2026-04-16 11:36:25,CANCELLED,North
O000798,C00891,2025-05-07 07:14:32,SHIPPED,South
O000799,C00676,2024-07-08 19:53:28,RETURNED,South
O000800,C00067,2024-12-18 19:12:51,SHIPPED,East
O000801,C00956,2024-12-20 12:37:50,RETURNED,East
O000802,C00197,15-04-2025 11:01:17,RETURNED,East
O000803,C00698,2025-03-23 00:43:50,CANCELLED,North
O000804,C00875,2025-02-02 11:31:15,CANCELLED,East
O000805,C00125,2026-05-12 05:18:48,DELIVERED,North
O000806,C00906,2025-11-19 21:32:58,CANCELLED,West
O000807,,2025-11-21 14:43:39,PLACED,North
O000808,C00756,2025-12-12 03:05:56,PLACED,South
O000809,C00202,2026-04-27 13:20:46,PLACED,North
O000810,C00492,02-07-2025 05:01:59,DELIVERED,East
O000811,C00254,2026-07-01 16:20:26,DELIVERED,North
O000812,C00842,2024-12-18 22:53:26,PLACED,West
O000813,C00783,2026-06-06 14:58:55,PLACED,North
O000814,C00998,2025-01-29 19:18:12,DELIVERED,North
O000815,C00802,2024-09-01 16:08:58,CANCELLED,North
O000816,C00309,2025-03-08 17:22:25,PLACED,North
O000817,C00573,2025-03-28 06:40:12,CANCELLED,North
O000818,C00633,2026-05-14 10:06:23,RETURNED,North
O000819,C00465,2024-09-07 21:25:09,RETURNED,North
O000820,C00348,2024-08-08 14:36:24,PLACED,West
O000821,C00530,2024-10-26 07:44:07,PLACED,North
O000822,C00610,2025-05-17 01:10:41,SHIPPED,South
O000823,C00653,2025-03-09 12:59:46,CANCELLED,West
O000824,C00191,2024-11-17 10:17:00,PLACED,South
O000825,C00320,2025-05-14 13:51:14,DELIVERED,East
O000826,C00598,2026-04-21 08:22:44,SHIPPED,West
O000827,C00317,2025-11-21 21:38:33,PLACED,South
O000828,C00059,2025-10-07 07:37:58,RETURNED,North
O000829,C00433,2025-02-02 14:18:51,SHIPPED,North
O000830,C00350,2026-04-08 09:48:05,CANCELLED,East
O000831,C00873,2025-01-21 23:20:53,RETURNED,East
O000832,C00429,2025-07-07 15:17:45,PLACED,West
O000833,C00225,2025-04-03 13:46:26,SHIPPED,West
O000834,C00639,2025-01-17 19:33:11,DELIVERED,West
O000835,C00211,2026-05-01 11:29:25,PLACED,East
O000836,C00011,2026-02-11 08:48:26,PLACED,South
O000837,C00298,2026-02-04 04:31:04,DELIVERED,North
O000838,,2026-03-29 09:49:35,SHIPPED,South
O000839,C00907,2026-06-22 09:21:49,RETURNED,South
O000840,C00183,2026-01-27 02:24:26,DELIVERED,North
O000841,C00022,2024-10-23 00:36:01,PLACED,East
O000842,C00959,2024-10-23 21:28:55,DELIVERED,East
O000843,C00677,2025-05-30 05:55:12,RETURNED,West
O000844,C00900,2026-02-10 00:40:31,SHIPPED,South
O000845,C00197,2026-06-21 03:22:54,DELIVERED,West
O000846,C00652,2026-02-23 00:43:09,RETURNED,South
O000847,C00875,2024-09-28 14:36:30,DELIVERED,South
O000848,C00055,2025-05-16 04:34:28,SHIPPED,West
O000849,C00215,2025-12-20 18:57:42,RETURNED,North
O000850,C00172,2024-10-21 14:55:03,RETURNED,East
O000851,C00511,2025-02-28 22:17:17,DELIVERED,West
O000852,C00733,2024-10-09 02:33:58,RETURNED,West
O000853,C00654,2026-01-19 14:43:59,PLACED,South
O000854,C00225,2025-03-22 12:26:17,SHIPPED,West
O000855,C00224,2025-07-03 22:51:41,RETURNED,South
O000856,C00958,2025-06-24 12:23:26,PLACED,South
O000857,C00770,2026-06-18 14:11:24,DELIVERED,South
O000858,,2025-09-20 12:08:32,DELIVERED,West
O000859,C00462,2025-10-15 23:18:35,CANCELLED,East
O000860,C00280,2024-10-16 21:53:59,SHIPPED,East
O000861,C00661,2026-05-28 12:57:22,DELIVERED,North
O000862,C00805,2026-05-12 03:48:20,PLACED,North
O000863,,2025-04-13 20:29:24,SHIPPED,East
O000864,C00257,2025-08-13 05:25:23,DELIVERED,South
O000865,C00723,2025-08-05 11:43:43,RETURNED,East
O000866,C00009,2025-07-02 18:43:20,DELIVERED,West
O000867,C00969,2025-08-03 15:17:31,PLACED,West
O000868,C00670,2024-12-23 00:55:40,SHIPPED,West
O000869,C00234,2024-09-07 00:36:59,CANCELLED,South
O000870,C00529,2025-12-12 04:19:24,CANCELLED,West
O000871,C00349,2025-07-27 20:50:03,SHIPPED,West
O000872,C00789,2026-01-26 05:31:07,CANCELLED,West
O000873,C00874,2026-02-20 13:51:15,RETURNED,South
O000874,C00313,15-12-2024 03:55:44,DELIVERED,East
O000875,C00231,2024-09-09 16:17:59,CANCELLED,East
O000876,C00334,2025-03-29 03:59:13,PLACED,South
O000877,C00158,2024-12-03 10:28:20,RETURNED,West
O000878,C00391,2026-03-21 06:53:45,RETURNED,West
O000879,C00193,2025-03-29 16:03:58,CANCELLED,East
O000880,C00096,2025-06-19 03:19:12,SHIPPED,North
O000881,C00847,2024-10-13 12:45:12,SHIPPED,South
O000882,C00072,2024-09-26 09:52:42,SHIPPED,South
O000883,C00299,2026-05-04 16:13:50,PLACED,East
O000884,,2025-03-28 13:04:10,CANCELLED,West
O000885,C00161,2026-03-20 08:42:04,CANCELLED,West
O000886,C00761,2026-01-27 17:32:02,SHIPPED,South
O000887,C00892,2024-10-17 17:40:31,CANCELLED,South
O000888,C00619,2025-06-09 05:58:44,SHIPPED,West
O000889,C00283,2026-03-10 01:54:49,CANCELLED,North
O000890,C00845,2025-08-14 19:18:39,RETURNED,East
O000891,C00933,2026-05-19 06:30:27,CANCELLED,North
O000892,C00755,2025-05-11 12:47:24,CANCELLED,East
O000893,C00718,2024-12-08 21:13:02,CANCELLED,South
O000894,C00426,2024-12-19 00:01:32,CANCELLED,West
O000895,C00394,2026-01-04 14:38:05,RETURNED,North
O000896,C00403,2024-10-01 13:59:33,SHIPPED,East
O000897,C00904,2025-11-28 04:45:53,PLACED,South
O000898,C00931,2024-10-20 11:01:14,RETURNED,North
O000899,C00378,2025-12-25 10:42:14,DELIVERED,West
O000900,C00462,2025-11-28 10:45:25,PLACED,West
O000901,C00028,2025-05-14 04:27:38,CANCELLED,West
O000902,C00352,2024-08-16 10:50:02,CANCELLED,North
O000903,C00011,2024-09-23 09:11:03,SHIPPED,East
O000904,C00687,2025-09-05 19:07:36,PLACED,North
O000905,C00562,2025-06-21 06:09:55,CANCELLED,South
O000906,C00483,2025-09-14 19:05:24,SHIPPED,North
O000907,C00622,2024-10-31 11:41:14,RETURNED,West
O000908,C00173,2024-10-23 05:49:02,DELIVERED,South
O000909,C00452,2024-10-19 03:28:48,PLACED,South
O000910,C00453,2025-01-02 22:41:46,RETURNED,North
O000911,C00400,2024-07-17 01:25:25,RETURNED,North
O000912,C00050,2026-03-07 00:33:21,SHIPPED,East
O000913,C00931,2025-05-08 04:27:32,CANCELLED,North
O000914,C00015,2026-01-18 01:36:23,PLACED,South
O000915,C00982,2025-06-16 02:21:38,SHIPPED,South
O000916,C00046,2024-10-18 07:03:14,DELIVERED,East
O000917,C00576,2025-07-28 05:40:18,RETURNED,West
O000918,C00962,2026-05-31 23:58:36,PLACED,East
O000919,C00332,2025-06-16 09:43:11,DELIVERED,North
O000920,C00399,2025-12-17 18:12:02,DELIVERED,East
O000921,C00045,2025-05-28 06:12:12,DELIVERED,West
O000922,C00105,2025-10-21 23:49:17,RETURNED,South
O000923,C00258,2024-07-17 14:15:07,CANCELLED,South
O000924,C00341,2024-09-27 05:20:40,DELIVERED,West
O000925,C00070,2024-08-20 18:34:33,RETURNED,West
O000926,C00392,2025-10-20 05:52:15,RETURNED,North
O000927,,2025-09-22 06:45:08,PLACED,East
O000928,C00243,2024-11-11 17:47:44,RETURNED,North
O000929,C00062,2024-11-02 01:49:43,SHIPPED,South
O000930,C00385,2025-04-23 12:00:07,RETURNED,West
O000931,C00757,2025-05-13 09:23:12,DELIVERED,North
O000932,C00534,2026-05-31 14:47:37,DELIVERED,North
O000933,C00235,2025-06-04 19:10:45,SHIPPED,South
O000934,C00553,2025-12-09 14:42:46,SHIPPED,South
O000935,C00623,2025-01-12 10:45:21,SHIPPED,West
O000936,,2025-08-29 19:50:31,PLACED,South
O000937,C00054,2025-02-16 11:54:40,SHIPPED,South
O000938,C00094,2024-12-20 23:50:44,SHIPPED,South
O000939,C00520,2026-05-19 08:24:33,DELIVERED,South
O000940,C00739,2025-01-22 12:13:19,RETURNED,South
O000941,C00311,2024-09-13 02:27:28,SHIPPED,East
O000942,C00884,2025-04-09 17:52:35,DELIVERED,West
O000943,C00387,2026-06-02 16:25:36,RETURNED,West
O000944,C00779,2026-01-01 18:57:08,CANCELLED,North
O000945,C00781,2025-04-26 10:20:02,DELIVERED,South
O000946,C00567,2024-08-17 20:22:48,CANCELLED,East
O000947,C00465,2025-04-20 12:07:39,CANCELLED,North
O000948,C00342,2026-02-28 18:25:59,SHIPPED,South
O000949,,2026-06-20 21:12:48,DELIVERED,West
O000950,C00415,2025-09-22 22:42:09,DELIVERED,West
O000951,C00502,2024-09-02 08:15:58,PLACED,West
O000952,,2025-11-25 17:57:41,CANCELLED,South
O000953,C00199,2025-06-21 16:30:13,DELIVERED,West
O000954,C00651,2025-10-27 17:29:35,CANCELLED,West
O000955,C00754,2025-04-29 20:41:14,DELIVERED,North
O000956,C00715,2025-04-11 20:53:21,RETURNED,West
O000957,C00967,2024-08-16 21:08:53,RETURNED,South
O000958,C00013,2025-04-05 07:14:50,CANCELLED,West
O000959,C00724,2025-05-13 19:55:31,RETURNED,South
O000960,C00898,2025-01-21 02:46:15,DELIVERED,East
O000961,C00513,2024-09-22 04:57:45,CANCELLED,East
O000962,C00752,2025-03-29 21:22:54,PLACED,North
O000963,C00652,2026-01-27 20:10:14,SHIPPED,East
O000964,C00767,2025-03-09 23:59:56,DELIVERED,North
O000965,C00173,29-12-2024 21:59:39,PLACED,West
O000966,C00538,2024-11-03 20:06:29,CANCELLED,South
O000967,C00181,2024-09-23 17:09:21,SHIPPED,West
O000968,C00187,2024-12-09 17:46:27,RETURNED,South
O000969,C00191,2024-07-15 23:06:52,SHIPPED,East
O000970,C00924,2026-05-03 10:52:00,RETURNED,North
O000971,C00890,2024-11-22 02:06:18,PLACED,West
O000972,C00128,2024-12-02 07:13:58,RETURNED,South
O000973,C00490,2026-05-17 16:59:33,PLACED,North
O000974,C00273,30-12-2024 12:06:40,RETURNED,North
O000975,C00100,2024-09-08 01:32:23,CANCELLED,East
O000976,C00955,2025-08-28 09:47:22,RETURNED,West
O000977,C00345,2024-08-09 17:23:22,DELIVERED,South
O000978,C00964,2026-06-28 13:24:34,RETURNED,North
O000979,C00999,2025-06-26 08:32:33,PLACED,North
O000980,C00468,2024-08-12 01:02:27,SHIPPED,North
O000981,C00617,2024-09-14 00:48:00,SHIPPED,East
O000982,C00463,2025-02-18 08:58:59,CANCELLED,West
O000983,C00677,2026-06-24 05:03:21,DELIVERED,North
O000984,C00649,2026-01-08 00:45:13,DELIVERED,West
O000985,C00240,2026-06-08 06:49:23,RETURNED,North
O000986,C00357,2025-07-08 08:13:08,CANCELLED,North
O000987,C00752,2025-02-22 15:51:02,SHIPPED,North
O000988,C00131,2025-04-19 07:12:24,RETURNED,West
O000989,C00173,2025-03-24 21:02:22,CANCELLED,South
O000990,C00250,2024-10-10 13:17:55,PLACED,North
O000991,C00446,12-11-2025 18:56:57,DELIVERED,West
O000992,C00785,2025-03-06 23:10:56,CANCELLED,North
O000993,C00682,2026-04-23 19:52:28,CANCELLED,North
O000994,C00815,2025-07-10 19:09:56,RETURNED,North
O000995,C00660,2025-07-09 18:35:56,CANCELLED,West
O000996,C00828,2026-01-25 02:39:14,DELIVERED,North
O000997,C00115,2024-07-25 05:54:37,SHIPPED,North
O000998,C00587,2026-02-09 10:58:32,CANCELLED,North
O000999,C00319,2025-06-21 08:22:56,CANCELLED,West
O001000,C00328,2026-04-03 14:16:19,SHIPPED,South
O001001,C00110,2024-08-04 06:29:41,CANCELLED,East
O001002,C00149,2024-11-02 17:09:18,SHIPPED,West
O001003,C00697,2025-11-18 09:43:26,SHIPPED,North
O001004,C00614,2024-09-03 11:19:41,PLACED,East
O001005,C00869,2025-10-08 04:34:24,SHIPPED,West
O001006,C00299,2026-06-03 23:01:25,DELIVERED,South
O001007,C00848,2024-12-24 02:26:46,SHIPPED,North
O001008,C00946,2024-12-12 11:17:38,CANCELLED,West
O001009,C00307,2025-11-17 17:41:45,SHIPPED,North
O001010,C00562,2024-10-18 20:12:24,CANCELLED,East
O001011,C00776,2025-12-14 20:01:26,DELIVERED,East
O001012,C00714,2026-07-03 14:46:27,RETURNED,West
O001013,C00100,2025-07-09 08:49:49,RETURNED,North
O001014,C00871,2026-07-02 18:49:39,SHIPPED,South
O001015,C00453,2025-09-25 14:47:22,SHIPPED,South
O001016,C00224,2025-07-25 04:41:19,PLACED,East
O001017,C00744,2026-01-20 10:01:55,SHIPPED,West
O001018,C00974,2025-05-30 19:40:44,SHIPPED,North
O001019,C00099,2024-10-11 18:45:49,PLACED,North
O001020,C00528,2025-02-05 09:33:57,SHIPPED,West
O001021,,2025-10-06 09:03:39,CANCELLED,East
O001022,C00705,2026-05-25 16:46:26,CANCELLED,North
O001023,C00797,2024-08-06 04:09:28,CANCELLED,East
O001024,C00648,2025-12-10 14:28:49,PLACED,North
O001025,C00085,2025-11-18 18:28:50,RETURNED,South
O001026,C00024,2024-12-29 14:38:36,CANCELLED,East
O001027,C00711,2026-07-06 05:45:46,SHIPPED,West
O001028,C00496,2025-09-24 06:08:52,DELIVERED,South
O001029,C00102,2026-06-07 18:08:29,RETURNED,South
O001030,C00416,26-08-2025 01:18:16,RETURNED,West
O001031,C00066,2026-07-04 08:05:37,PLACED,South
O001032,C00989,2024-09-17 02:20:48,RETURNED,South
O001033,C00006,2024-07-18 20:37:20,PLACED,North
O001034,C00132,2026-01-18 17:22:41,PLACED,East
O001035,C00872,2025-02-19 01:25:04,PLACED,East
O001036,C00373,2026-04-02 15:51:17,PLACED,South
O001037,,2026-02-10 10:00:26,DELIVERED,West
O001038,C00144,2026-04-22 19:44:42,RETURNED,East
O001039,C00621,2025-07-07 09:21:39,PLACED,North
O001040,,2025-06-05 04:08:37,SHIPPED,South
O001041,C00617,2024-11-08 22:04:44,DELIVERED,South
O001042,C00747,2025-02-08 21:07:53,DELIVERED,East
O001043,C00391,2024-08-26 17:39:05,CANCELLED,North
O001044,C00968,2025-09-02 01:47:45,SHIPPED,South
O001045,C00073,2025-03-23 01:45:26,SHIPPED,East
O001046,C00578,2024-08-28 21:45:23,RETURNED,South
O001047,C00430,2025-12-09 01:32:01,CANCELLED,West
O001048,C00027,2025-06-09 12:09:48,DELIVERED,North
O001049,C00545,2026-06-28 07:15:43,PLACED,East
O001050,C00656,2026-06-22 16:58:42,DELIVERED,South
O001051,C00890,2026-01-16 09:47:12,PLACED,West
O001052,C00993,2025-05-26 20:23:54,PLACED,South
O001053,C00540,2026-05-14 00:36:50,CANCELLED,North
O001054,C00542,2026-05-25 11:18:35,DELIVERED,East
O001055,C00623,2026-06-17 17:42:34,DELIVERED,West
O001056,C00186,2025-06-29 14:35:35,RETURNED,West
O001057,C00489,2025-03-30 10:53:21,RETURNED,South
O001058,C00674,2025-02-02 07:38:38,DELIVERED,North
O001059,C00941,2025-05-02 17:38:42,SHIPPED,West
O001060,C00724,2025-10-03 14:39:52,DELIVERED,West
O001061,C00515,2025-11-17 02:21:23,RETURNED,South
O001062,C00313,2025-05-25 23:03:00,DELIVERED,West
O001063,C00790,2025-07-17 07:12:39,PLACED,North
O001064,C00748,2025-10-07 05:25:03,RETURNED,North
O001065,C00087,2025-02-22 01:21:05,CANCELLED,North
O001066,C00986,2024-09-06 22:23:13,SHIPPED,West
O001067,C00510,2025-05-05 18:35:37,RETURNED,North
O001068,,2025-06-01 17:28:21,PLACED,West
O001069,C00720,2026-04-09 20:58:39,RETURNED,North
O001070,C00622,2026-07-02 00:45:27,RETURNED,South
O001071,C00180,2024-08-08 02:50:18,RETURNED,East
O001072,C00976,2026-06-21 22:31:59,SHIPPED,East
O001073,C00994,2024-08-18 14:59:46,SHIPPED,North
O001074,C00298,2026-02-05 10:55:35,SHIPPED,North
O001075,C00756,2025-12-01 02:16:10,DELIVERED,North
O001076,C00958,2025-08-21 14:21:15,CANCELLED,North
O001077,,2024-10-28 20:22:54,DELIVERED,East
O001078,,2024-09-22 20:42:17,SHIPPED,West
O001079,,2025-04-08 11:23:46,SHIPPED,North
O001080,C00542,2025-08-28 09:58:53,PLACED,West
O001081,C00008,2026-03-23 15:35:39,SHIPPED,West
O001082,C00405,2024-12-17 21:05:56,SHIPPED,East
O001083,C00112,2026-04-07 12:00:17,CANCELLED,South
O001084,C00144,2025-11-08 17:53:50,DELIVERED,South
O001085,C00114,2025-03-19 20:05:01,CANCELLED,West
O001086,C00762,2025-06-15 03:59:23,SHIPPED,West
O001087,C00983,2025-08-02 20:03:48,CANCELLED,West
O001088,C00564,2026-02-25 16:32:01,SHIPPED,East
O001089,C00770,2024-09-25 15:41:37,RETURNED,West
O001090,C00135,2024-11-16 15:08:12,PLACED,South
O001091,C00160,25-09-2024 02:10:54,SHIPPED,North
O001092,C00695,2026-06-08 21:00:29,RETURNED,North
O001093,C00445,2025-04-23 21:43:04,PLACED,West
O001094,C00254,2025-05-20 07:49:28,SHIPPED,South
O001095,C00288,2025-04-27 05:56:05,SHIPPED,West
O001096,C00204,2024-08-24 00:57:17,PLACED,South
O001097,C00194,2025-03-15 01:52:33,SHIPPED,South
O001098,C00124,2025-09-22 10:11:07,SHIPPED,South
O001099,,2024-12-10 06:29:19,PLACED,West
O001100,C00418,2025-12-31 10:31:10,SHIPPED,South
O001101,C00345,2024-09-29 10:59:13,CANCELLED,North
O001102,C00312,2025-06-05 00:07:31,DELIVERED,West
O001103,C00253,2025-08-10 02:46:23,PLACED,North
O001104,C00054,2026-05-31 19:54:28,DELIVERED,West
O001105,C00287,2024-10-22 05:44:56,SHIPPED,East
O001106,C00972,2024-12-10 21:07:36,PLACED,North
O001107,,2025-08-27 00:11:44,SHIPPED,East
O001108,C00370,2026-06-29 12:29:40,RETURNED,East
O001109,C00244,2026-01-24 11:40:13,CANCELLED,North
O001110,C00909,2024-08-22 12:38:31,RETURNED,North
O001111,C00043,2026-02-18 13:29:36,SHIPPED,South
O001112,C00722,2026-02-04 16:50:32,RETURNED,East
O001113,C00309,2026-06-22 18:19:46,SHIPPED,South
O001114,C00045,2024-12-10 20:15:44,DELIVERED,East
O001115,C00917,2024-12-09 10:27:45,PLACED,West
O001116,C00070,2024-07-24 16:53:30,RETURNED,North
O001117,C00171,2026-01-13 02:22:09,SHIPPED,East
O001118,C00047,2025-05-12 21:06:26,SHIPPED,West
O001119,C00507,2025-01-08 01:51:49,PLACED,South
O001120,C00449,2024-11-13 14:04:12,CANCELLED,West
O001121,C00622,2024-10-19 11:33:05,SHIPPED,South
O001122,C00607,2025-01-24 00:38:50,RETURNED,West
O001123,C00516,2024-09-05 15:09:20,DELIVERED,South
O001124,C00304,2026-04-07 05:17:25,SHIPPED,South
O001125,C00047,2025-06-02 16:45:57,SHIPPED,East
O001126,C00950,2025-05-10 13:01:58,PLACED,South
O001127,C00844,2024-12-11 08:15:18,DELIVERED,East
O001128,C00333,2026-04-21 07:36:17,RETURNED,East
O001129,C00740,2024-11-19 09:50:34,DELIVERED,East
O001130,C00059,16-08-2024 04:51:17,DELIVERED,South
O001131,C00749,2026-04-22 16:37:12,PLACED,North
O001132,C00740,2025-05-16 23:31:42,DELIVERED,South
O001133,C00837,2026-06-11 15:56:13,SHIPPED,West
O001134,C00160,2025-02-09 19:51:59,CANCELLED,East
O001135,C00152,2024-11-30 00:31:25,SHIPPED,West
O001136,C00190,2026-05-27 00:20:22,RETURNED,West
O001137,C00966,2025-06-24 18:17:37,PLACED,East
O001138,C00167,2025-08-03 02:54:36,RETURNED,South
O001139,C00072,2026-01-31 12:52:56,CANCELLED,West
O001140,C00103,2026-06-13 06:55:41,PLACED,North
O001141,C00387,2025-05-23 00:09:28,PLACED,North
O001142,C00136,2026-05-05 13:53:51,SHIPPED,North
O001143,C00812,2025-08-28 13:11:32,PLACED,East
O001144,C00874,2026-03-01 03:23:13,CANCELLED,West
O001145,C00836,2025-08-21 16:14:54,SHIPPED,South
O001146,C00058,2026-04-21 19:58:49,RETURNED,North
O001147,C00022,2024-11-29 23:43:44,DELIVERED,North
O001148,C00524,2025-12-17 21:06:55,PLACED,South
O001149,C00025,2025-09-03 12:28:07,DELIVERED,East
O001150,C00232,2024-10-21 14:01:51,PLACED,West
O001151,C00174,2025-11-05 00:42:12,DELIVERED,East
O001152,C00079,2026-03-01 11:56:40,PLACED,North
O001153,C00620,2025-12-26 09:03:28,DELIVERED,South
O001154,C00696,2026-03-02 18:17:36,DELIVERED,East
O001155,C00357,2025-12-25 11:29:41,CANCELLED,East
O001156,C00956,2024-07-18 07:23:11,PLACED,North
O001157,C00883,2026-04-23 19:41:52,SHIPPED,East
O001158,C00152,2026-05-21 01:56:39,CANCELLED,North
O001159,C00116,2025-07-07 18:42:45,DELIVERED,South
O001160,C00093,2025-02-24 01:46:52,CANCELLED,East
O001161,C00327,2026-02-06 11:55:46,CANCELLED,East
O001162,C00142,2025-11-12 05:57:23,SHIPPED,West
O001163,C00429,2025-01-15 22:00:05,CANCELLED,South
O001164,C00394,2025-12-17 13:26:34,RETURNED,South
O001165,C00720,2026-06-29 19:59:44,SHIPPED,North
O001166,C00372,2026-05-28 00:34:11,PLACED,North
O001167,C00934,2026-03-26 03:51:56,SHIPPED,East
O001168,C00472,2025-10-14 06:47:31,CANCELLED,South
O001169,C00216,2025-10-17 15:50:47,SHIPPED,North
O001170,C00986,2025-09-03 10:29:56,PLACED,West
O001171,C00381,2024-08-03 14:19:31,RETURNED,North
O001172,C00489,2026-01-03 16:03:27,PLACED,South
O001173,C00375,2024-11-22 00:34:56,PLACED,West
O001174,C00154,2025-11-28 16:25:45,SHIPPED,East
O001175,C00482,2026-01-24 14:48:22,PLACED,East
O001176,C00114,2025-09-19 22:07:16,PLACED,South
O001177,C00516,2024-12-12 19:53:09,CANCELLED,West
O001178,C00568,2024-12-08 04:08:11,RETURNED,East
O001179,C00727,2024-11-24 13:58:43,DELIVERED,North
O001180,C00535,2025-11-16 09:35:13,SHIPPED,West
O001181,C00634,2026-06-05 15:06:13,RETURNED,North
O001182,C00837,2025-04-04 09:49:42,CANCELLED,West
O001183,C00169,2025-03-30 16:32:26,CANCELLED,South
O001184,C00277,2025-02-13 12:12:58,RETURNED,East
O001185,C00029,2025-02-17 04:14:28,PLACED,North
O001186,C00217,2026-02-26 05:53:20,DELIVERED,South
O001187,C00565,2024-10-07 01:38:47,SHIPPED,East
O001188,C00088,2025-07-07 13:11:24,RETURNED,West
O001189,,2026-07-07 17:30:13,DELIVERED,North
O001190,C00366,2025-05-06 09:39:43,RETURNED,South
O001191,C00323,2025-03-21 21:00:52,SHIPPED,North
O001192,C00340,2026-03-04 22:01:40,PLACED,South
O001193,C00025,2025-05-15 00:27:16,RETURNED,North
O001194,C00298,2026-06-19 11:36:04,PLACED,North
O001195,C00976,2025-03-10 06:13:18,SHIPPED,South
O001196,C00987,2026-05-15 14:58:27,RETURNED,East
O001197,C00459,2025-06-08 02:32:43,DELIVERED,West
O001198,C00041,2025-04-06 12:03:27,CANCELLED,South
O001199,C00214,2025-08-15 17:16:52,SHIPPED,West
O001200,C00100,2024-11-03 18:17:51,DELIVERED,North
O001201,C00511,2025-05-22 08:14:33,DELIVERED,South
O001202,C00070,2025-02-01 03:38:37,PLACED,North
O001203,C00184,2025-11-01 18:33:34,CANCELLED,East
O001204,C00782,2025-11-16 21:02:43,SHIPPED,North
O001205,C00996,2025-10-14 03:32:04,DELIVERED,West
O001206,C00419,2025-12-02 19:25:18,SHIPPED,West
O001207,C00376,2026-05-24 01:30:37,DELIVERED,East
O001208,C00086,2026-04-30 16:10:21,DELIVERED,North
O001209,C00636,2024-09-18 10:14:13,SHIPPED,North
O001210,C00159,2024-09-09 22:47:08,SHIPPED,West
O001211,C00875,2026-03-11 12:39:51,CANCELLED,North
O001212,C00358,2024-09-11 10:09:36,CANCELLED,North
O001213,C00088,2024-07-19 22:39:08,CANCELLED,West
O001214,C00205,2026-05-20 02:45:22,DELIVERED,West
O001215,C00218,2024-09-21 16:15:23,DELIVERED,West
O001216,C00040,2026-01-06 18:19:24,SHIPPED,South
O001217,C00328,2025-10-06 15:17:00,CANCELLED,North
O001218,C00959,2025-08-09 20:40:52,CANCELLED,South
O001219,C00056,13-10-2025 17:19:46,CANCELLED,East
O001220,C00259,2025-07-10 15:21:48,PLACED,East
O001221,C00415,2026-02-16 14:48:29,CANCELLED,West
O001222,C00538,2025-11-07 16:38:39,SHIPPED,North
O001223,C00095,2026-03-22 02:21:30,DELIVERED,South
O001224,C00204,2024-12-09 17:05:37,CANCELLED,South
O001225,C00989,2026-01-26 10:33:45,RETURNED,West
O001226,,2025-08-14 20:50:43,RETURNED,South
O001227,C00080,2024-09-29 14:02:57,SHIPPED,East
O001228,C00681,2026-03-25 11:39:31,DELIVERED,North
O001229,C00155,2026-06-02 07:17:00,CANCELLED,East
O001230,C00117,2025-03-21 01:27:41,DELIVERED,North
O001231,C00462,2026-02-07 18:20:10,CANCELLED,North
O001232,C00038,2025-06-11 20:22:09,CANCELLED,South
O001233,C00616,2026-05-02 05:10:41,SHIPPED,North
O001234,C00380,22-10-2025 00:02:11,DELIVERED,North
O001235,C00717,2026-02-01 02:31:04,CANCELLED,West
O001236,C00361,2025-04-23 01:47:47,RETURNED,East
O001237,C00117,2026-05-25 07:34:54,DELIVERED,South
O001238,C00567,2026-01-30 07:45:23,CANCELLED,East
O001239,C00866,2025-07-13 16:59:00,DELIVERED,North
O001240,C00090,2025-01-19 10:15:57,PLACED,West
O001241,C00107,2025-11-01 02:21:52,RETURNED,North
O001242,C00649,2025-02-17 11:48:07,PLACED,East
O001243,C00873,2026-04-28 07:54:06,CANCELLED,West
O001244,C00118,2026-05-03 04:44:35,PLACED,East
O001245,C00991,2025-11-11 18:39:26,CANCELLED,North
O001246,C00963,2024-07-10 23:33:32,DELIVERED,East
O001247,C00901,2026-05-02 23:51:27,CANCELLED,South
O001248,C00005,2024-07-31 19:30:23,PLACED,North
O001249,C00158,2024-07-27 02:49:02,RETURNED,East
O001250,C00344,2026-02-05 09:30:53,CANCELLED,South
O001251,C00570,2026-03-14 02:38:25,CANCELLED,North
O001252,C00821,2025-07-22 00:53:07,CANCELLED,South
O001253,C00413,2025-12-31 09:49:47,CANCELLED,South
O001254,C00102,2025-02-24 20:25:09,PLACED,West
O001255,C00864,2024-11-09 10:13:49,RETURNED,South
O001256,C00972,2025-08-29 21:59:11,PLACED,West
O001257,C00012,2025-05-18 01:34:10,PLACED,North
O001258,C00586,2025-08-17 21:37:49,SHIPPED,West
O001259,C00650,2025-04-19 19:50:54,SHIPPED,South
O001260,C00305,2025-10-01 02:47:02,CANCELLED,East
O001261,C00676,2025-04-21 06:07:43,SHIPPED,North
O001262,C00654,2024-08-14 14:57:50,PLACED,West
O001263,C00950,2026-05-19 17:00:07,DELIVERED,East
O001264,C00917,2025-05-17 09:29:20,DELIVERED,South
O001265,C00401,2026-05-25 03:38:07,CANCELLED,North
O001266,C00499,2025-04-19 03:10:52,CANCELLED,West
O001267,C00912,2025-12-21 19:35:35,SHIPPED,South
O001268,,2025-04-28 09:57:35,RETURNED,North
O001269,C00121,2025-02-25 07:53:04,CANCELLED,North
O001270,C00163,2024-10-31 16:25:44,PLACED,South
O001271,,23-12-2024 15:55:02,RETURNED,South
O001272,C00222,2025-12-08 14:29:09,SHIPPED,North
O001273,C00336,2024-10-08 05:25:57,SHIPPED,East
O001274,C00281,2024-10-02 09:55:28,DELIVERED,East
O001275,C00479,2025-09-02 09:11:46,RETURNED,West
O001276,C00945,2025-04-20 07:14:24,DELIVERED,West
O001277,C00106,2026-01-15 16:42:07,DELIVERED,South
O001278,C00814,2026-05-08 13:12:28,CANCELLED,West
O001279,C00434,2026-03-11 14:28:35,DELIVERED,North
O001280,C00622,2024-11-01 03:06:52,DELIVERED,East
O001281,C00920,2025-02-28 10:54:50,SHIPPED,North
O001282,C00982,2024-09-14 01:33:45,DELIVERED,East
O001283,,2024-07-26 16:10:58,DELIVERED,West
O001284,C00810,2024-07-16 08:57:05,SHIPPED,East
O001285,C00381,2026-01-21 10:30:22,PLACED,East
O001286,,2024-10-27 17:50:44,CANCELLED,East
O001287,C00921,2025-10-02 10:53:49,DELIVERED,South
O001288,C00540,2025-08-09 02:04:33,RETURNED,North
O001289,C00588,2026-06-18 06:19:07,CANCELLED,East
O001290,C00833,2025-08-29 15:05:09,CANCELLED,West
O001291,C00048,2024-07-26 10:02:26,PLACED,West
O001292,C00176,2025-12-26 05:46:19,SHIPPED,North
O001293,,2026-06-26 07:24:59,RETURNED,North
O001294,C00934,2025-10-14 09:46:27,CANCELLED,North
O001295,C00918,2026-01-26 23:00:03,DELIVERED,North
O001296,C00072,2024-11-21 05:15:59,CANCELLED,East
O001297,C00282,2025-10-27 14:23:09,PLACED,East
O001298,C00506,2024-12-16 22:22:37,CANCELLED,West
O001299,C00870,2024-11-26 12:47:10,DELIVERED,North
O001300,C00030,2026-03-13 21:09:21,SHIPPED,North
O001301,C00331,2025-12-20 12:02:06,SHIPPED,South
O001302,C00091,2026-02-17 12:18:53,DELIVERED,North
O001303,C00957,2025-04-10 03:27:37,PLACED,North
O001304,C00050,2025-01-14 05:16:34,DELIVERED,West
O001305,C00277,2024-08-14 17:54:25,RETURNED,West
O001306,C00123,2024-09-06 13:08:41,RETURNED,West
O001307,C00653,2024-10-20 23:10:09,RETURNED,South
O001308,C00592,2024-07-24 20:21:52,DELIVERED,East
O001309,C00792,2026-06-27 07:40:25,DELIVERED,East
O001310,C00729,2026-04-02 05:25:48,SHIPPED,South
O001311,C00712,2024-09-26 23:28:08,PLACED,South
O001312,C00014,2026-05-16 05:52:44,CANCELLED,South
O001313,C00500,2024-10-05 13:30:48,RETURNED,East
O001314,C00779,2024-10-19 13:15:38,SHIPPED,North
O001315,C00937,2025-01-15 07:50:08,CANCELLED,West
O001316,C00889,2024-11-16 21:20:56,CANCELLED,South
O001317,C00071,2024-09-02 11:17:05,DELIVERED,North
O001318,C00151,2026-03-16 22:12:23,PLACED,South
O001319,C00017,2026-05-05 16:01:28,PLACED,West
O001320,C00678,2024-12-06 20:44:38,PLACED,North
O001321,C00363,2024-09-19 11:35:56,RETURNED,West
O001322,C00521,2026-02-08 23:58:07,DELIVERED,North
O001323,C00051,2025-05-06 04:15:06,CANCELLED,South
O001324,C00302,2025-06-28 08:03:30,DELIVERED,West
O001325,C00532,2025-10-07 23:50:26,SHIPPED,North
O001326,C00225,2024-12-08 13:28:43,RETURNED,East
O001327,C00245,2025-05-10 16:16:51,SHIPPED,West
O001328,C00402,2026-04-18 20:42:04,DELIVERED,West
O001329,C00211,2025-10-13 17:47:48,DELIVERED,East
O001330,,2025-06-02 07:15:24,RETURNED,West
O001331,C00757,2024-11-02 15:03:45,SHIPPED,South
O001332,C00323,2025-02-11 04:17:59,DELIVERED,West
O001333,C00146,2026-04-29 00:49:17,CANCELLED,East
O001334,C00022,2025-11-01 19:37:31,PLACED,South
O001335,C00696,12-10-2025 00:48:04,DELIVERED,West
O001336,,2026-03-24 08:46:14,CANCELLED,North
O001337,C00047,2024-10-01 13:29:24,DELIVERED,South
O001338,C00538,2025-03-15 08:39:32,PLACED,North
O001339,C00312,2025-03-18 06:18:59,CANCELLED,East
O001340,C00559,2026-07-04 17:03:41,DELIVERED,West
O001341,C00014,2025-09-19 05:27:28,DELIVERED,West
O001342,C00116,2024-07-11 14:35:00,PLACED,South
O001343,C00421,2025-07-24 01:42:57,SHIPPED,East
O001344,,2025-01-09 20:27:38,CANCELLED,East
O001345,C00212,2024-10-04 18:23:29,CANCELLED,North
O001346,C00989,2025-09-23 16:42:50,RETURNED,West
O001347,C00982,2025-08-03 10:45:43,DELIVERED,East
O001348,C00401,2025-07-21 07:54:32,DELIVERED,East
O001349,,2026-01-14 19:28:24,DELIVERED,North
O001350,C00444,2024-12-12 22:51:11,DELIVERED,East
O001351,C00113,2025-03-31 11:45:30,SHIPPED,West
O001352,C00698,2026-04-25 08:00:37,RETURNED,South
O001353,C00311,2024-07-29 11:48:32,DELIVERED,North
O001354,,2024-10-17 03:55:34,RETURNED,North
O001355,C00055,06-09-2024 21:32:57,DELIVERED,North
O001356,C00052,2025-11-25 03:30:00,DELIVERED,South
O001357,C00977,2024-10-08 09:48:53,SHIPPED,West
O001358,C00600,2025-01-23 20:27:36,PLACED,West
O001359,C00956,2024-11-30 11:36:27,CANCELLED,West
O001360,C00409,2024-09-13 03:02:31,DELIVERED,East
O001361,C00612,2025-12-07 04:27:07,DELIVERED,South
O001362,C00700,2025-10-27 03:53:55,CANCELLED,South
O001363,C00309,2025-06-14 02:39:27,CANCELLED,South
O001364,C00385,2026-02-18 21:52:34,PLACED,South
O001365,C00540,2025-05-22 11:30:01,DELIVERED,West
O001366,C00363,2026-05-30 05:32:56,CANCELLED,West
O001367,C00029,12-05-2026 16:50:05,CANCELLED,North
O001368,C00774,2025-01-06 15:11:01,SHIPPED,East
O001369,C00131,2024-11-29 11:44:44,DELIVERED,North
O001370,C00774,2026-03-17 22:57:50,PLACED,West
O001371,C00827,2025-12-13 23:42:55,PLACED,North
O001372,C00057,2026-06-10 13:44:12,PLACED,East
O001373,C00609,2024-09-21 02:34:10,CANCELLED,East
O001374,C00886,2026-02-07 07:51:09,RETURNED,North
O001375,C00719,2025-09-10 03:49:18,CANCELLED,South
O001376,C00229,2024-11-05 22:49:18,SHIPPED,East
O001377,C00644,2024-12-05 07:12:54,PLACED,West
O001378,C00639,2025-12-17 09:29:10,PLACED,South
O001379,C00619,2025-05-20 14:05:17,SHIPPED,South
O001380,C00107,2025-05-29 20:29:38,CANCELLED,West
O001381,C00057,2025-09-16 13:14:18,CANCELLED,South
O001382,C00840,2025-01-22 09:31:39,DELIVERED,West
O001383,C00880,2025-02-25 18:49:11,SHIPPED,North
O001384,C00190,2024-09-24 12:20:43,SHIPPED,South
O001385,C00524,2025-04-13 18:02:48,CANCELLED,West
O001386,C00297,2024-11-30 20:04:46,RETURNED,West
O001387,C00377,2025-03-22 17:48:57,PLACED,West
O001388,C00427,2026-04-24 20:07:45,DELIVERED,West
O001389,C00124,26-02-2026 10:58:33,DELIVERED,North
O001390,C00661,2025-06-01 05:23:42,CANCELLED,North
O001391,C00930,2026-04-18 16:04:32,CANCELLED,West
O001392,,2026-06-07 19:34:30,RETURNED,South
O001393,C00358,2025-01-08 19:15:41,RETURNED,North
O001394,C00179,2025-05-03 07:13:57,RETURNED,East
O001395,C00471,2025-09-22 01:38:30,DELIVERED,East
O001396,C00946,2026-04-09 18:14:00,CANCELLED,West
O001397,C00986,2026-06-02 04:14:35,RETURNED,East
O001398,C00133,2025-07-30 11:06:37,RETURNED,East
O001399,C00599,2025-04-24 21:35:31,PLACED,North
O001400,C00873,2024-09-29 16:39:31,PLACED,West
O001401,C00957,2026-02-18 22:22:47,SHIPPED,South
O001402,C00108,2025-05-17 14:28:26,CANCELLED,West
O001403,C00945,2024-11-20 18:02:29,PLACED,North
O001404,C00868,2025-01-03 03:28:14,DELIVERED,North
O001405,C00946,2024-12-12 03:10:34,CANCELLED,West
O001406,C00137,2025-04-05 10:26:26,SHIPPED,South
O001407,C00259,2024-10-21 21:26:12,SHIPPED,South
O001408,C00760,2025-02-22 15:30:28,SHIPPED,North
O001409,,2024-07-14 23:33:07,PLACED,South
O001410,C00035,2025-11-22 17:28:59,DELIVERED,West
O001411,C00582,2025-12-13 13:18:37,SHIPPED,West
O001412,C00195,2024-12-11 02:25:35,CANCELLED,East
O001413,C00366,2025-08-26 11:16:09,SHIPPED,North
O001414,C00450,2025-02-27 20:07:41,PLACED,North
O001415,C00131,2024-12-24 21:21:24,PLACED,West
O001416,C00237,2024-08-25 07:52:24,PLACED,South
O001417,C00842,2025-01-31 02:51:35,DELIVERED,West
O001418,C00721,2024-12-09 22:25:26,SHIPPED,East
O001419,C00077,2024-12-13 19:08:06,RETURNED,East
O001420,C00409,2025-08-21 17:07:46,PLACED,West
O001421,C00960,2025-12-13 03:53:45,PLACED,North
O001422,C00347,2026-05-30 04:14:27,PLACED,South
O001423,C00210,2026-02-17 18:05:04,PLACED,South
O001424,C00506,2025-11-10 08:22:06,RETURNED,North
O001425,C00355,2025-08-31 04:51:31,RETURNED,North
O001426,C00909,2025-10-23 00:46:05,DELIVERED,North
O001427,,2025-11-18 05:28:48,DELIVERED,West
O001428,C00490,2025-05-21 20:29:09,SHIPPED,North
O001429,C00954,2026-02-22 02:42:44,SHIPPED,West
O001430,C00699,29-11-2024 16:32:55,CANCELLED,North
O001431,C00397,2024-08-13 05:16:53,CANCELLED,West
O001432,C00563,2025-07-03 18:05:21,RETURNED,East
O001433,C00361,2024-08-11 03:00:10,PLACED,South
O001434,C00238,24-01-2025 09:35:26,CANCELLED,North
O001435,,2024-10-03 01:27:46,PLACED,North
O001436,C00059,2025-06-03 16:40:55,PLACED,East
O001437,C00359,2025-09-20 06:39:53,DELIVERED,South
O001438,C00621,2025-09-12 18:47:55,PLACED,North
O001439,C00257,2024-12-27 15:30:23,DELIVERED,South
O001440,C00455,2024-07-23 11:32:36,RETURNED,East
O001441,C00890,2024-07-20 23:22:05,DELIVERED,East
O001442,C00715,2026-01-31 03:12:33,DELIVERED,West
O001443,C00723,2025-09-01 12:35:48,PLACED,South
O001444,C00934,2024-07-11 08:08:24,SHIPPED,East
O001445,C00760,2025-06-10 06:13:59,SHIPPED,North
O001446,C00241,2024-10-11 16:19:03,CANCELLED,North
O001447,C00022,2026-06-14 05:04:59,DELIVERED,West
O001448,C00308,2024-08-03 23:28:50,DELIVERED,West
O001449,,2025-08-01 15:09:30,CANCELLED,North
O001450,C00230,2025-07-28 06:47:15,CANCELLED,North
O001451,C00677,2025-03-11 09:37:41,DELIVERED,North
O001452,C00932,2024-07-19 19:56:55,DELIVERED,South
O001453,,2025-06-16 04:36:55,RETURNED,West
O001454,C00887,2026-03-06 03:12:23,PLACED,North
O001455,C00567,2025-05-07 03:38:03,DELIVERED,West
O001456,C00435,2025-02-12 19:37:41,RETURNED,East
O001457,C00167,2025-02-24 15:29:15,SHIPPED,South
O001458,,2025-03-17 13:29:57,DELIVERED,North
O001459,C00256,2024-09-04 05:06:40,RETURNED,West
O001460,C00040,2026-01-24 18:49:18,DELIVERED,North
O001461,C00128,2025-07-03 16:03:41,DELIVERED,South
O001462,C00455,2024-08-11 07:55:41,CANCELLED,North
O001463,C00990,2025-02-10 22:50:40,RETURNED,South
O001464,C00419,2026-06-26 17:06:18,DELIVERED,East
O001465,C00977,2025-07-03 07:36:42,DELIVERED,East
O001466,C00890,2025-10-19 06:04:41,SHIPPED,South
O001467,C00893,2026-05-04 00:37:32,PLACED,North
O001468,C00189,2026-03-15 19:04:06,RETURNED,East
O001469,C00043,2026-05-23 22:02:34,DELIVERED,East
O001470,C00017,2024-09-20 23:55:21,DELIVERED,North
O001471,C00615,2024-12-18 13:58:58,RETURNED,West
O001472,C00116,2026-03-02 22:10:42,DELIVERED,East
O001473,C00850,2024-10-17 06:53:46,CANCELLED,East
O001474,,2026-07-03 16:56:37,DELIVERED,East
O001475,C00999,2026-03-29 04:07:31,CANCELLED,East
O001476,,2025-12-18 23:55:59,DELIVERED,South
O001477,C00934,2024-12-20 06:46:37,SHIPPED,East
O001478,C00524,2024-09-10 05:44:15,RETURNED,East
O001479,C00963,2025-12-18 21:22:59,PLACED,South
O001480,C00391,2026-02-21 07:12:31,PLACED,South
O001481,C00579,2026-02-24 02:58:44,RETURNED,West
O001482,C00552,2025-08-04 14:53:10,RETURNED,North
O001483,C00622,2024-07-11 13:18:01,CANCELLED,East
O001484,C00276,2025-11-22 16:35:09,SHIPPED,East
O001485,C00249,2024-08-15 06:55:03,SHIPPED,West
O001486,C00323,2026-04-14 04:36:05,SHIPPED,West
O001487,C00751,2024-08-08 09:51:42,PLACED,East
O001488,C00574,2024-08-12 00:14:35,CANCELLED,South
O001489,C00460,2025-02-15 05:20:19,SHIPPED,South
O001490,C00796,2025-01-16 14:12:29,SHIPPED,East
O001491,C00815,2025-11-22 10:58:55,PLACED,West
O001492,C00432,2026-02-06 05:06:35,CANCELLED,South
O001493,C00922,2025-04-11 04:52:21,SHIPPED,North
O001494,C00429,2025-11-30 07:19:38,CANCELLED,North
O001495,C00130,2026-05-14 12:50:40,PLACED,South
O001496,C00075,2025-09-07 03:29:32,CANCELLED,West
O001497,C00363,2024-10-03 12:43:29,SHIPPED,East
O001498,C00122,2025-02-26 05:03:29,DELIVERED,North
O001499,,2024-10-24 01:21:42,DELIVERED,West
O001500,C00933,2025-09-07 15:21:46,CANCELLED,East
O001501,C00776,2026-03-20 23:09:26,SHIPPED,North
O001502,C00156,2026-04-23 01:44:42,DELIVERED,West
O001503,C00389,2025-10-16 04:33:35,RETURNED,East
O001504,C00968,2025-11-08 01:51:01,CANCELLED,East
O001505,C00050,2025-07-24 01:58:53,RETURNED,West
O001506,C00293,2024-12-30 15:24:44,SHIPPED,South
O001507,C00043,2025-06-22 01:27:15,SHIPPED,West
O001508,C00532,2025-06-30 22:56:10,DELIVERED,North
O001509,C00356,2025-01-28 20:59:29,DELIVERED,West
O001510,C00450,2026-01-23 08:17:38,DELIVERED,North
O001511,C00947,2025-06-25 13:14:46,PLACED,South
O001512,C00566,2024-09-13 00:03:12,PLACED,North
O001513,C00983,2026-01-18 15:21:22,SHIPPED,North
O001514,C00501,09-12-2025 14:16:03,SHIPPED,East
O001515,C00965,2025-03-22 19:28:02,CANCELLED,South
O001516,C00851,2026-03-10 06:59:37,PLACED,West
O001517,C00911,2024-12-31 23:53:42,SHIPPED,East
O001518,C00750,2025-10-23 15:55:05,PLACED,South
O001519,C00745,2026-03-25 03:15:30,DELIVERED,East
O001520,C00465,2025-11-27 14:27:53,PLACED,East
O001521,C00914,2024-08-31 20:03:59,RETURNED,East
O001522,C00195,2025-07-04 05:51:41,PLACED,North
O001523,C00252,2024-12-10 03:41:19,SHIPPED,South
O001524,C00272,2025-11-09 17:32:11,SHIPPED,West
O001525,C00290,2025-06-14 22:03:31,PLACED,South
O001526,C00004,2025-04-15 05:21:42,RETURNED,South
O001527,C00728,2025-06-29 03:50:20,DELIVERED,West
O001528,C00647,2025-03-13 15:16:45,CANCELLED,South
O001529,C00899,2026-02-22 13:14:52,DELIVERED,West
O001530,C00502,2026-01-15 06:43:15,DELIVERED,West
O001531,C00303,2025-07-18 08:35:52,DELIVERED,West
O001532,C00993,2025-02-21 20:19:51,CANCELLED,North
O001533,C00181,2026-05-28 19:06:41,PLACED,East
O001534,C00714,2025-12-07 11:58:10,CANCELLED,West
O001535,C00616,2025-10-29 14:53:20,DELIVERED,East
O001536,C00520,2026-03-19 06:00:57,CANCELLED,North
O001537,C00576,2024-09-23 03:03:34,DELIVERED,West
O001538,C00401,2024-10-10 22:49:45,DELIVERED,North
O001539,C00275,2026-05-08 13:46:00,PLACED,East
O001540,C00459,2025-04-15 14:23:59,SHIPPED,South
O001541,C00799,2025-06-03 10:29:22,RETURNED,East
O001542,C00133,04-10-2025 04:35:39,PLACED,West
O001543,C00093,2024-12-03 05:55:57,DELIVERED,North
O001544,,2025-04-26 06:52:16,RETURNED,South
O001545,C00161,2024-08-27 02:01:20,SHIPPED,East
O001546,C00821,2025-05-13 00:09:05,CANCELLED,South
O001547,C00567,2025-11-21 05:57:24,PLACED,North
O001548,C00774,2026-06-02 23:49:02,CANCELLED,West
O001549,C00044,2025-09-02 14:36:19,SHIPPED,South
O001550,C00035,2024-09-20 12:00:50,CANCELLED,West
O001551,C00135,2025-06-09 15:53:50,PLACED,North
O001552,C00076,2024-09-24 05:34:59,CANCELLED,North
O001553,C00016,2024-09-26 10:37:47,SHIPPED,North
O001554,C00754,2024-07-20 01:28:57,RETURNED,East
O001555,C00804,2025-06-09 14:00:57,PLACED,East
O001556,C00281,2025-01-18 19:19:14,RETURNED,West
O001557,C00386,2025-06-20 19:53:21,CANCELLED,East
O001558,C00495,2025-07-30 17:53:56,RETURNED,South
O001559,,2025-03-22 01:00:32,CANCELLED,East
O001560,C00782,2024-10-02 09:06:31,SHIPPED,North
O001561,C00407,2025-08-13 22:20:27,CANCELLED,North
O001562,C00659,2025-03-23 20:18:43,PLACED,North
O001563,C00575,2024-12-09 20:30:38,CANCELLED,South
O001564,C00086,2025-04-23 21:25:19,CANCELLED,South
O001565,C00061,2025-05-18 16:05:54,DELIVERED,East
O001566,C00855,2025-03-08 17:37:53,RETURNED,West
O001567,,2025-05-26 08:02:32,RETURNED,West
O001568,C00559,2025-04-04 01:29:17,SHIPPED,East
O001569,C00473,2024-08-12 20:04:17,PLACED,North
O001570,C00436,2025-04-13 08:52:19,PLACED,South
O001571,C00533,2026-05-16 20:16:16,CANCELLED,North
O001572,C00040,2024-11-26 14:35:13,RETURNED,West
O001573,C00144,2024-11-23 08:00:39,CANCELLED,North
O001574,C00304,2024-11-13 23:31:40,DELIVERED,East
O001575,C00630,2025-01-25 12:04:03,SHIPPED,South
O001576,C00298,2025-09-24 16:09:35,RETURNED,East
O001577,C00532,2025-07-21 18:50:26,SHIPPED,East
O001578,C00950,2024-09-25 16:50:31,SHIPPED,South
O001579,C00537,2024-08-13 08:59:35,DELIVERED,West
O001580,C00184,2025-01-05 19:02:30,PLACED,East
O001581,C00719,2024-09-27 02:07:15,RETURNED,West
O001582,C00339,2024-09-30 02:05:23,RETURNED,South
O001583,C00069,2026-04-22 18:24:22,SHIPPED,East
O001584,,2025-09-01 03:20:09,DELIVERED,West
O001585,C00599,2024-12-29 08:37:17,CANCELLED,East
O001586,C00575,2025-07-31 15:44:55,PLACED,South
O001587,C00106,2025-01-25 03:53:39,DELIVERED,North
O001588,C00130,2026-04-13 15:59:43,CANCELLED,East
O001589,C00590,2025-11-30 22:11:03,DELIVERED,West
O001590,C00215,2025-04-29 11:12:43,SHIPPED,North
O001591,C00952,2025-04-20 22:32:58,SHIPPED,West
O001592,,2024-12-15 13:38:48,PLACED,South
O001593,C00524,2026-03-01 21:50:49,CANCELLED,East
O001594,C00310,2025-11-25 04:56:20,RETURNED,West
O001595,C00387,2025-07-04 15:46:57,DELIVERED,East
O001596,C00859,2024-11-09 21:04:16,RETURNED,South
O001597,C00979,2024-12-03 15:39:30,DELIVERED,South
O001598,C00861,2025-10-16 04:28:55,DELIVERED,North
O001599,C00572,2025-12-05 13:21:10,SHIPPED,North
O001600,C00887,2025-02-03 07:22:26,DELIVERED,West
O001601,C00219,2024-07-10 05:08:20,SHIPPED,West
O001602,C00384,2024-11-20 03:23:02,PLACED,South
O001603,C00453,2026-05-02 01:28:36,RETURNED,East
O001604,C00337,2025-10-05 09:21:04,DELIVERED,North
O001605,C00622,2025-12-29 20:03:18,CANCELLED,West
O001606,C00045,2026-03-22 17:24:45,DELIVERED,North
O001607,C00995,2025-11-22 11:13:59,CANCELLED,West
O001608,C00503,2024-11-09 07:06:23,RETURNED,North
O001609,C00040,2025-11-17 17:23:36,SHIPPED,South
O001610,C00892,2024-11-06 16:13:08,PLACED,North
O001611,C00455,2025-03-07 13:51:30,PLACED,East
O001612,C00874,2025-06-05 11:18:17,PLACED,East
O001613,C00858,2026-06-10 20:15:13,SHIPPED,East
O001614,,2025-11-06 11:12:47,CANCELLED,North
O001615,C00067,2025-05-16 12:48:12,SHIPPED,East
O001616,C00086,2024-07-23 03:47:49,RETURNED,South
O001617,C00706,2026-06-19 16:52:22,PLACED,East
O001618,C00281,2026-04-12 16:27:17,CANCELLED,North
O001619,C00580,2024-11-09 15:44:29,PLACED,South
O001620,C00748,2026-01-14 07:11:50,PLACED,South
O001621,,2024-07-15 01:19:13,CANCELLED,North
O001622,C00899,2025-03-22 04:17:03,SHIPPED,South
O001623,C00318,2025-06-19 01:38:01,SHIPPED,East
O001624,C00144,2024-07-08 16:18:56,SHIPPED,East
O001625,C00905,2026-04-06 19:31:08,DELIVERED,West
O001626,C00271,2025-06-18 03:30:37,DELIVERED,East
O001627,C00791,2024-08-09 22:41:02,SHIPPED,North
O001628,C00973,2024-07-20 15:33:30,RETURNED,South
O001629,C00720,2025-11-16 16:54:55,DELIVERED,South
O001630,C00351,2025-02-05 06:21:26,DELIVERED,North
O001631,C00526,2024-12-21 16:54:02,CANCELLED,East
O001632,C00033,2025-07-10 11:35:35,SHIPPED,West
O001633,C00144,2026-01-10 10:50:11,RETURNED,West
O001634,C00675,2026-01-25 06:05:47,PLACED,East
O001635,C00891,2024-09-18 23:41:26,CANCELLED,East
O001636,C00345,2026-02-15 04:07:49,DELIVERED,East
O001637,C00167,2025-03-10 03:36:18,PLACED,West
O001638,C00829,2025-07-01 08:43:07,CANCELLED,West
O001639,C00485,2025-03-21 04:23:44,DELIVERED,East
O001640,C00495,2025-08-10 13:53:07,SHIPPED,North
O001641,C00432,2025-11-04 13:13:50,RETURNED,West
O001642,,2025-01-09 03:33:25,DELIVERED,South
O001643,C00975,2025-06-08 01:16:08,SHIPPED,East
O001644,C00808,2026-03-04 14:22:38,DELIVERED,South
O001645,C00821,2025-02-12 22:00:29,CANCELLED,North
O001646,C00675,2025-03-08 17:37:13,DELIVERED,East
O001647,C00083,2025-07-21 05:02:10,CANCELLED,North
O001648,C00742,2025-11-04 22:29:45,DELIVERED,North
O001649,C00489,2026-03-31 21:40:30,RETURNED,West
O001650,C00716,2026-03-16 05:57:49,CANCELLED,West
O001651,C00724,2025-06-26 18:08:50,CANCELLED,South
O001652,C00326,2025-01-21 03:05:04,DELIVERED,East
O001653,C00840,2025-07-22 06:56:42,RETURNED,West
O001654,C00547,2025-10-18 07:20:33,RETURNED,North
O001655,C00228,2024-10-23 23:35:21,SHIPPED,East
O001656,C00371,2025-05-03 16:11:08,RETURNED,West
O001657,C00937,2024-12-15 20:05:10,CANCELLED,South
O001658,C00046,2026-07-04 02:31:41,DELIVERED,West
O001659,C00670,2025-03-25 20:49:54,DELIVERED,West
O001660,C00692,2024-07-30 12:28:36,CANCELLED,South
O001661,C00168,2025-09-02 20:35:59,PLACED,West
O001662,C00826,2025-11-28 05:12:32,PLACED,West
O001663,C00823,2025-05-18 13:51:21,SHIPPED,West
O001664,C00703,2024-12-05 15:33:18,CANCELLED,West
O001665,C00790,2024-09-11 03:46:46,PLACED,West
O001666,C00515,2026-05-11 11:00:59,DELIVERED,East
O001667,C00115,2025-04-09 21:41:52,RETURNED,West
O001668,C00892,2024-09-24 18:52:36,DELIVERED,East
O001669,C00203,2025-01-24 00:58:22,CANCELLED,West
O001670,C00050,2025-10-08 21:02:07,CANCELLED,West
O001671,C00376,2025-08-09 23:53:02,DELIVERED,East
O001672,C00436,2026-05-05 10:15:44,PLACED,East
O001673,C00184,2026-06-29 04:05:44,CANCELLED,East
O001674,C00305,2026-04-08 21:54:35,DELIVERED,North
O001675,C00545,2024-11-12 17:50:58,PLACED,North
O001676,C00130,2026-05-03 22:05:33,CANCELLED,East
O001677,C00354,2025-03-19 18:27:17,SHIPPED,West
O001678,C00042,2025-03-06 21:02:03,SHIPPED,North
O001679,C00392,2025-09-11 07:19:40,DELIVERED,East
O001680,C00433,2026-05-29 10:37:45,DELIVERED,North
O001681,C00857,2025-01-25 17:42:10,SHIPPED,East
O001682,C00311,2024-11-24 03:41:57,SHIPPED,North
O001683,C00384,2025-09-04 06:28:54,CANCELLED,East
O001684,C00765,2025-12-02 14:54:58,RETURNED,North
O001685,C00620,2026-03-09 06:57:58,DELIVERED,East
O001686,C00006,05-10-2024 18:22:07,CANCELLED,South
O001687,C00282,2026-02-08 22:03:56,DELIVERED,North
O001688,C00227,2025-08-25 21:07:28,SHIPPED,North
O001689,C00627,2026-02-06 20:50:55,CANCELLED,West
O001690,C00651,2025-03-18 10:04:11,CANCELLED,North
O001691,C00352,2024-09-26 10:28:44,CANCELLED,South
O001692,C00474,2024-07-14 00:47:38,RETURNED,South
O001693,C00690,2026-05-16 06:28:30,RETURNED,North
O001694,C00647,2024-10-23 10:06:08,PLACED,South
O001695,C00766,2025-11-17 08:17:13,DELIVERED,East
O001696,C00463,25-07-2025 02:55:10,RETURNED,South
O001697,C00640,2025-02-04 14:59:09,PLACED,East
O001698,C00570,2025-08-19 15:43:41,CANCELLED,South
O001699,C00388,2024-11-03 17:24:56,PLACED,West
O001700,C00224,2025-06-28 13:26:58,DELIVERED,South
O001701,C00886,2024-08-24 03:29:46,CANCELLED,West
O001702,C00361,2025-02-08 05:40:42,RETURNED,East
O001703,C00328,2025-06-04 11:29:40,DELIVERED,West
O001704,C00231,2024-12-13 16:42:49,CANCELLED,East
O001705,C00846,2026-03-02 22:25:30,SHIPPED,West
O001706,,2024-10-06 02:41:14,CANCELLED,South
O001707,C00700,2025-06-29 16:28:36,CANCELLED,West
O001708,C00421,11-07-2024 15:54:38,SHIPPED,South
O001709,C00625,2025-03-22 06:14:43,RETURNED,West
O001710,,2026-03-09 05:53:16,SHIPPED,West
O001711,C00701,2024-08-13 09:31:46,RETURNED,West
O001712,C00566,2024-10-16 13:05:25,SHIPPED,West
O001713,C00378,2026-04-10 20:00:17,CANCELLED,South
O001714,C00331,2026-02-01 13:31:48,PLACED,South
O001715,C00592,2025-07-09 15:22:31,RETURNED,West
O001716,C00248,2026-06-08 03:03:31,RETURNED,North
O001717,C00823,2025-08-21 13:27:18,SHIPPED,South
O001718,C00474,2026-06-04 14:13:22,PLACED,West
O001719,C00888,2025-12-10 22:06:00,CANCELLED,North
O001720,C00802,2024-10-20 03:26:29,RETURNED,North
O001721,C00733,2025-12-25 10:12:23,RETURNED,North
O001722,C00450,2025-05-19 13:10:40,DELIVERED,West
O001723,C00849,2026-05-09 17:09:41,DELIVERED,West
O001724,C00734,2025-02-05 08:52:20,CANCELLED,West
O001725,C00807,2024-07-31 10:04:33,DELIVERED,North
O001726,C00740,2026-05-20 10:26:07,DELIVERED,South
O001727,C00935,2025-01-05 15:15:34,DELIVERED,North
O001728,C00338,2025-11-15 13:48:43,CANCELLED,South
O001729,C00776,2025-04-16 02:03:35,CANCELLED,East
O001730,C00807,2025-04-25 11:44:20,DELIVERED,North
O001731,C00780,2026-04-29 10:01:10,PLACED,South
O001732,C00902,2026-04-21 06:54:28,DELIVERED,East
O001733,C00968,2026-05-11 03:04:21,DELIVERED,West
O001734,C00731,2025-09-17 01:40:06,SHIPPED,South
O001735,C00623,2024-11-11 12:55:03,SHIPPED,North
O001736,C00872,2025-05-22 07:11:32,RETURNED,North
O001737,C00266,2026-04-08 19:05:50,RETURNED,West
O001738,C00489,2026-02-15 12:40:45,DELIVERED,South
O001739,C00602,2024-10-17 14:38:38,DELIVERED,West
O001740,C00887,2026-01-19 16:55:25,RETURNED,West
O001741,C00180,2025-01-06 13:54:33,PLACED,East
O001742,C00231,2025-05-08 01:15:29,DELIVERED,North
O001743,C00666,2024-11-30 16:36:55,RETURNED,North
O001744,C00861,2025-02-15 17:42:57,RETURNED,South
O001745,C00760,2025-02-10 03:23:25,CANCELLED,North
O001746,C00975,2026-05-16 04:28:11,RETURNED,North
O001747,C00994,2025-06-09 19:24:29,RETURNED,South
O001748,C00251,2024-11-18 21:27:49,SHIPPED,South
O001749,C00707,2026-01-30 11:25:57,RETURNED,East
O001750,C00566,2026-03-09 01:22:11,PLACED,South
O001751,C00536,2024-09-16 02:26:17,SHIPPED,West
O001752,C00476,2025-07-27 14:16:04,PLACED,East
O001753,C00809,2025-11-26 23:53:03,PLACED,West
O001754,C00086,2025-07-10 23:18:59,RETURNED,South
O001755,C00613,2025-11-20 10:37:28,RETURNED,West
O001756,C00882,2025-03-26 03:13:24,CANCELLED,South
O001757,C00604,2025-03-23 16:13:38,CANCELLED,North
O001758,C00258,2025-06-13 18:02:46,CANCELLED,South
O001759,C00337,2026-06-10 06:17:48,DELIVERED,East
O001760,C00889,2025-06-09 21:40:48,RETURNED,East
O001761,C00641,2026-05-05 13:12:17,SHIPPED,West
O001762,C00007,2024-07-27 05:53:26,CANCELLED,West
O001763,C00168,2026-01-19 01:18:33,DELIVERED,North
O001764,C00948,2024-09-10 12:57:55,RETURNED,South
O001765,C00199,2024-10-18 15:20:59,SHIPPED,East
O001766,C00514,2026-05-01 09:06:30,CANCELLED,North
O001767,C00702,2026-02-02 13:31:36,RETURNED,South
O001768,C00332,2025-09-04 20:36:17,SHIPPED,South
O001769,C00625,2025-04-06 11:52:35,RETURNED,West
O001770,C00670,2025-10-04 11:48:42,DELIVERED,South
O001771,C00956,2026-04-26 07:30:11,DELIVERED,East
O001772,C00149,2026-04-10 03:55:51,DELIVERED,West
O001773,C00316,2024-08-16 01:14:19,CANCELLED,North
O001774,C00781,2026-03-17 06:41:13,CANCELLED,East
O001775,C00662,2024-10-07 22:31:03,DELIVERED,North
O001776,C00839,2025-11-09 10:10:41,DELIVERED,East
O001777,C00853,2025-06-11 00:23:43,CANCELLED,East
O001778,C00572,2026-01-16 07:08:31,SHIPPED,West
O001779,C00877,2025-07-21 08:08:36,SHIPPED,East
O001780,C00741,2026-03-12 23:05:16,CANCELLED,North
O001781,C00800,2024-09-07 18:52:24,CANCELLED,South
O001782,C00287,2025-01-21 07:14:47,PLACED,North
O001783,C00058,2026-06-28 07:47:30,DELIVERED,West
O001784,C00946,2024-09-24 03:24:03,PLACED,East
O001785,C00794,2025-09-15 02:20:56,SHIPPED,East
O001786,C00588,2026-02-28 08:31:50,SHIPPED,East
O001787,C00587,2025-08-24 23:45:11,RETURNED,East
O001788,,2025-11-24 09:48:50,PLACED,East
O001789,C00981,2026-03-31 07:24:40,CANCELLED,South
O001790,C00189,2024-10-04 15:44:44,DELIVERED,East
O001791,C00204,2025-09-07 23:54:14,DELIVERED,North
O001792,C00144,2025-07-16 02:08:13,CANCELLED,West
O001793,,2025-12-13 15:55:05,RETURNED,East
O001794,C00017,2025-12-02 10:18:21,RETURNED,East
O001795,C00810,2025-07-20 01:33:50,DELIVERED,North
O001796,C00753,2025-08-22 12:14:54,RETURNED,North
O001797,C00545,2026-06-14 12:31:57,PLACED,West
O001798,C00625,2024-10-15 14:01:06,PLACED,West
O001799,C00838,2026-04-22 18:17:55,SHIPPED,East
O001800,C00075,2025-10-18 05:01:31,CANCELLED,West
O001801,,2024-10-29 00:07:13,PLACED,West
O001802,,2025-10-09 20:39:48,SHIPPED,East
O001803,C00877,2025-12-15 06:19:26,DELIVERED,West
O001804,C00670,2026-05-23 01:29:11,RETURNED,East
O001805,C00915,2026-02-16 10:21:31,SHIPPED,South
O001806,C00792,2025-10-06 12:26:50,PLACED,North
O001807,C00547,2024-12-01 13:14:40,SHIPPED,East
O001808,C00978,2024-08-25 23:46:23,SHIPPED,South
O001809,C00207,2024-10-27 17:22:50,DELIVERED,South
O001810,C00959,2026-04-11 16:38:19,PLACED,South
O001811,C00899,2025-07-22 15:57:01,CANCELLED,North
O001812,C00455,2025-01-04 12:34:09,SHIPPED,West
O001813,C00051,2024-09-21 15:03:34,SHIPPED,West
O001814,C00605,2024-07-25 22:56:04,SHIPPED,North
O001815,C00167,2025-07-12 10:11:33,CANCELLED,East
O001816,C00768,2025-04-19 08:28:45,SHIPPED,North
O001817,C00819,2026-05-15 09:38:15,RETURNED,North
O001818,C00968,12-02-2025 00:47:24,CANCELLED,West
O001819,C00985,2025-06-26 07:00:33,DELIVERED,North
O001820,C00445,2024-11-19 09:14:27,SHIPPED,North
O001821,C00667,2024-12-26 13:18:47,CANCELLED,North
O001822,C00975,2026-03-19 04:38:10,DELIVERED,North
O001823,C00145,2025-01-14 01:37:34,PLACED,South
O001824,C00532,2025-09-28 13:17:09,PLACED,North
O001825,C00611,2025-05-24 17:17:04,DELIVERED,East
O001826,C00633,2025-10-31 17:12:14,SHIPPED,South
O001827,C00959,2024-10-05 22:29:35,SHIPPED,East
O001828,C00901,2024-10-22 18:35:31,PLACED,West
O001829,C00209,2024-07-23 18:21:58,DELIVERED,East
O001830,C00030,2024-10-19 10:38:42,CANCELLED,North
O001831,C00753,2026-01-02 20:36:50,PLACED,West
O001832,C00781,2024-12-30 18:11:25,SHIPPED,North
O001833,C00016,2025-07-16 14:18:22,CANCELLED,North
O001834,C00116,2025-12-01 00:13:29,CANCELLED,West
O001835,C00138,2024-12-01 07:07:44,PLACED,East
O001836,C00488,2025-06-23 21:58:41,SHIPPED,East
O001837,C00673,2025-02-04 09:09:08,PLACED,West
O001838,C00505,2024-09-19 00:10:04,SHIPPED,South
O001839,C00225,2025-09-11 00:35:42,SHIPPED,South
O001840,C00676,2025-04-02 06:41:20,CANCELLED,East
O001841,C00909,2025-01-24 23:01:05,DELIVERED,South
O001842,C00748,2025-04-15 18:41:44,CANCELLED,East
O001843,C00779,2026-02-12 05:20:53,DELIVERED,South
O001844,C00594,2025-06-11 20:39:34,CANCELLED,North
O001845,C00814,2026-02-22 04:27:00,SHIPPED,North
O001846,C00856,2024-10-24 04:15:19,DELIVERED,North
O001847,C00586,2025-01-30 23:29:35,SHIPPED,West
O001848,C00463,2024-10-03 16:40:15,DELIVERED,West
O001849,C00121,2025-04-18 09:57:36,RETURNED,East
O001850,C00346,2025-09-05 00:23:08,DELIVERED,West
O001851,C00791,2024-08-01 20:12:25,DELIVERED,East
O001852,C00065,2025-10-26 01:33:46,PLACED,South
O001853,C00097,2025-10-31 00:14:08,PLACED,North
O001854,C00564,2025-05-28 15:04:12,DELIVERED,East
O001855,C00464,2026-05-02 07:11:25,PLACED,South
O001856,C00408,2025-03-24 01:34:19,RETURNED,South
O001857,C00146,2024-10-17 16:52:24,PLACED,South
O001858,C00752,2026-04-13 12:54:29,SHIPPED,North
O001859,C00820,2025-06-07 18:14:46,RETURNED,South
O001860,C00384,2024-07-14 14:33:33,RETURNED,South
O001861,C00864,2024-10-31 14:09:54,RETURNED,West
O001862,C00879,2025-07-08 15:37:21,CANCELLED,East
O001863,C00400,2026-03-28 21:41:53,CANCELLED,West
O001864,C00330,2024-12-08 21:58:01,PLACED,North
O001865,C00258,2026-04-28 05:45:12,SHIPPED,North
O001866,C00061,2025-07-26 11:41:40,CANCELLED,South
O001867,C00783,2025-07-17 17:07:56,SHIPPED,West
O001868,C00806,2024-11-12 09:51:58,RETURNED,South
O001869,C00255,2024-10-26 12:59:25,DELIVERED,South
O001870,C00915,2025-10-30 02:10:48,RETURNED,South
O001871,C00211,2025-08-23 07:30:25,DELIVERED,North
O001872,C00653,2025-06-08 14:05:03,PLACED,West
O001873,C00238,2026-03-27 04:21:15,PLACED,West
O001874,C00158,2024-10-18 05:46:21,DELIVERED,East
O001875,C00973,2026-02-01 08:13:45,DELIVERED,North
O001876,C00642,2025-10-31 22:11:38,CANCELLED,East
O001877,C00231,2026-05-13 12:37:30,RETURNED,East
O001878,C00248,2024-08-26 18:29:51,CANCELLED,West
O001879,C00059,2026-03-13 01:19:20,DELIVERED,East
O001880,C00927,2025-06-26 07:27:00,CANCELLED,East
O001881,C00366,2026-06-11 01:43:23,CANCELLED,South
O001882,C00600,2025-09-23 11:59:54,DELIVERED,North
O001883,C00800,2024-11-16 16:54:38,RETURNED,West
O001884,C00622,2025-12-07 11:45:21,CANCELLED,North
O001885,C00617,2025-07-13 06:48:17,PLACED,North
O001886,C00121,2025-11-01 06:16:43,RETURNED,West
O001887,C00835,2025-01-13 07:17:49,DELIVERED,West
O001888,C00873,2025-11-29 15:37:00,PLACED,West
O001889,C00833,2025-09-11 02:08:35,CANCELLED,North
O001890,C00222,05-09-2025 03:39:28,DELIVERED,North
O001891,C00300,2025-09-07 21:43:31,CANCELLED,East
O001892,C00368,2026-03-06 03:50:18,SHIPPED,East
O001893,C00457,2024-08-26 07:16:30,DELIVERED,South
O001894,C00215,2024-07-29 12:14:01,DELIVERED,West
O001895,C00772,2025-12-25 07:07:38,CANCELLED,North
O001896,C00342,2024-12-24 04:47:58,SHIPPED,East
O001897,C00849,2025-11-05 21:42:24,PLACED,West
O001898,C00321,2025-07-07 18:30:22,CANCELLED,South
O001899,C00272,2025-11-16 04:13:22,DELIVERED,West
O001900,C00918,2025-03-01 08:54:42,SHIPPED,East
O001901,C00017,2024-12-24 01:49:25,RETURNED,East
O001902,C00775,2026-01-22 16:30:15,RETURNED,North
O001903,C00204,2026-05-08 23:46:40,CANCELLED,East
O001904,C00150,2026-02-09 02:50:04,CANCELLED,South
O001905,C00944,2024-09-22 23:03:02,DELIVERED,North
O001906,C00332,2026-04-12 07:39:06,PLACED,South
O001907,C00562,2025-12-21 20:28:40,PLACED,West
O001908,C00230,2025-04-14 12:14:15,SHIPPED,South
O001909,C00451,2026-06-18 22:26:42,PLACED,East
O001910,C00250,2026-05-12 17:19:14,CANCELLED,West
O001911,C00425,2024-08-22 04:20:20,SHIPPED,West
O001912,C00191,2025-01-06 22:02:00,RETURNED,West
O001913,C00765,2024-08-04 06:40:12,DELIVERED,East
O001914,C00442,2026-01-06 18:10:12,SHIPPED,East
O001915,C00554,2025-05-26 11:20:08,SHIPPED,East
O001916,C00881,2025-04-07 09:06:23,RETURNED,South
O001917,C00099,2025-10-12 02:12:54,RETURNED,West
O001918,C00549,2024-07-29 11:08:23,RETURNED,South
O001919,C00738,2024-11-12 02:20:02,RETURNED,South
O001920,C00477,2024-09-24 14:07:54,CANCELLED,West
O001921,C00510,2025-06-01 07:15:28,SHIPPED,North
O001922,C00574,2024-10-13 06:09:39,DELIVERED,West
O001923,C00889,2025-10-16 13:11:15,DELIVERED,North
O001924,C00978,2025-08-18 10:24:16,PLACED,West
O001925,C00442,2024-11-27 21:54:14,CANCELLED,South
O001926,C00678,2025-07-01 16:27:11,DELIVERED,East
O001927,C00239,2025-11-15 19:55:33,CANCELLED,South
O001928,C00785,2024-12-19 15:58:04,DELIVERED,North
O001929,C00995,2026-01-01 01:45:24,DELIVERED,North
O001930,C00794,2025-05-21 00:27:18,RETURNED,West
O001931,C00748,2025-07-29 00:35:43,RETURNED,South
O001932,C00856,2026-02-05 00:38:44,CANCELLED,North
O001933,C00340,2024-09-08 18:42:08,RETURNED,West
O001934,C00825,2024-07-25 15:41:18,SHIPPED,East
O001935,C00188,2026-06-09 01:59:26,CANCELLED,East
O001936,C00512,2024-09-16 05:18:36,SHIPPED,South
O001937,C00360,2024-08-01 05:24:15,DELIVERED,West
O001938,C00770,2024-10-18 14:56:48,RETURNED,North
O001939,C00571,2024-07-11 18:28:15,SHIPPED,North
O001940,C00987,24-01-2026 14:49:43,DELIVERED,West
O001941,,2025-08-27 01:44:47,RETURNED,East
O001942,C00880,2026-03-31 10:30:53,RETURNED,West
O001943,C00187,2025-03-13 19:51:28,PLACED,South
O001944,C00615,2025-11-18 09:29:59,CANCELLED,South
O001945,C00520,2026-06-07 13:22:19,PLACED,North
O001946,C00958,2025-12-21 22:35:16,PLACED,East
O001947,C00958,2025-07-28 18:01:19,SHIPPED,South
O001948,C00922,2024-11-23 20:03:34,SHIPPED,East
O001949,C00961,2024-12-06 12:01:08,CANCELLED,West
O001950,C00967,2026-03-04 11:19:53,DELIVERED,South
O001951,C00375,2025-07-08 19:20:15,CANCELLED,South
O001952,C00814,2025-03-25 08:23:53,CANCELLED,North
O001953,C00869,2026-04-26 04:45:24,DELIVERED,West
O001954,C00776,2026-03-23 08:26:55,DELIVERED,South
O001955,C00459,2026-02-13 11:51:54,CANCELLED,West
O001956,C00446,2025-05-24 12:52:13,CANCELLED,North
O001957,C00330,2025-10-07 20:07:22,DELIVERED,West
O001958,C00806,2026-04-07 08:48:51,PLACED,North
O001959,C00193,2025-08-27 16:46:40,RETURNED,South
O001960,C00657,2024-10-08 20:32:47,PLACED,North
O001961,C00990,2025-07-20 18:47:40,RETURNED,North
O001962,C00844,2024-09-19 15:49:45,RETURNED,South
O001963,C00521,2025-07-07 05:51:16,SHIPPED,North
O001964,C00469,2024-08-14 13:10:33,DELIVERED,North
O001965,C00732,2025-08-06 19:07:26,RETURNED,North
O001966,C00047,2024-07-24 09:52:29,PLACED,East
O001967,C00005,2026-02-27 21:47:44,DELIVERED,South
O001968,C00400,2025-02-04 16:59:48,CANCELLED,North
O001969,C00160,2026-03-04 21:22:22,DELIVERED,West
O001970,C00697,2025-04-19 03:26:21,DELIVERED,South
O001971,C00963,2025-03-26 09:17:34,DELIVERED,West
O001972,,2026-04-06 05:54:52,CANCELLED,East
O001973,C00863,2024-10-31 06:14:58,CANCELLED,East
O001974,,2025-02-03 08:57:29,PLACED,West
O001975,C00132,2025-08-02 07:55:57,PLACED,North
O001976,C00163,2024-12-31 06:45:06,SHIPPED,East
O001977,C00172,2025-07-21 03:47:10,CANCELLED,East
O001978,C00550,2025-09-27 10:45:57,DELIVERED,North
O001979,C00780,2025-02-21 00:42:02,SHIPPED,North
O001980,C00569,2025-10-02 20:27:23,RETURNED,North
O001981,C00481,2025-08-10 17:51:26,PLACED,West
O001982,C00189,2026-04-20 09:25:38,PLACED,South
O001983,C00447,2025-09-06 15:33:31,SHIPPED,West
O001984,C00612,2026-05-23 08:25:23,RETURNED,South
O001985,C00787,2026-06-27 10:03:34,RETURNED,North
O001986,C00972,2025-10-28 02:49:14,DELIVERED,South
O001987,C00359,2024-07-31 12:29:44,PLACED,West
O001988,C00390,2025-05-11 18:33:11,PLACED,South
O001989,C00189,2024-12-01 09:56:16,CANCELLED,North
O001990,C00893,2026-04-17 15:09:07,RETURNED,East
O001991,C00571,2024-08-20 07:54:08,DELIVERED,North
O001992,C00115,2024-12-04 03:11:28,RETURNED,North
O001993,C00634,2026-02-24 13:45:24,DELIVERED,East
O001994,C00040,2025-03-05 17:13:14,SHIPPED,North
O001995,,2026-01-12 04:04:32,CANCELLED,North
O001996,C00878,2026-05-05 09:01:08,RETURNED,North
O001997,C00021,2024-08-22 11:23:03,RETURNED,West
O001998,C00290,2025-07-03 11:26:31,SHIPPED,West
O001999,C00628,2026-02-16 11:09:05,CANCELLED,West
O002000,C00942,2025-08-23 19:55:37,DELIVERED,South
